cycle,phase,multiplier,hc_target,before_df,after_df,candidate_nfe,seconds,elapsed_seconds,nfe
1,hc,1,10000,266,29,10000,5.297000000020489,5.312000000034459,10001
1,do,1,10000,29,29,50,51.48499999998603,56.79700000002049,10051
2,hc,1,10000,29,19,10000,4.452999999979511,61.25,20051
2,do,1,10000,19,19,50,51.68700000003446,112.93700000003446,20101
3,hc,2,20000,19,11,20000,8.719000000040978,121.65600000007544,40101
3,do,2,20000,11,11,50,51.90599999995902,173.56200000003446,40151
4,hc,1,10000,11,6,10000,4.125,177.68700000003446,50151
4,do,1,10000,6,6,50,51.79700000002049,229.48400000005495,50201
5,hc,1,10000,6,5,10000,4.030999999959022,233.51500000001397,60201
5,do,1,10000,5,5,50,50.06299999996554,283.5779999999795,60251
6,hc,2,20000,5,3,20000,8.0,291.5779999999795,80251
6,do,2,20000,3,3,50,49.34400000004098,340.9220000000205,80301
7,hc,4,40000,3,3,40000,16.92099999997299,357.8429999999935,120301
7,do,4,40000,3,3,50,51.188000000081956,409.03100000007544,120351
8,hc,1,10000,3,3,10000,3.952999999979511,412.98400000005495,130351
8,do,1,10000,3,3,50,51.125,464.10900000005495,130401
9,hc,1,10000,3,3,10000,3.593999999924563,467.7029999999795,140401
9,do,1,10000,3,3,50,50.06200000003446,517.765000000014,140451
10,hc,2,20000,3,2,20000,6.844000000040978,524.609000000055,160451
10,do,2,20000,2,2,50,50.40599999995902,575.015000000014,160501
11,hc,1,10000,2,2,10000,3.35999999998603,578.375,170501
11,do,1,10000,2,2,50,50.32799999997951,628.7029999999795,170551
12,hc,1,10000,2,2,10000,3.5320000000065193,632.25,180551
12,do,1,10000,2,2,50,48.26500000001397,680.515000000014,180601
13,hc,2,20000,2,2,20000,6.73499999998603,687.25,200601
13,do,2,20000,2,2,50,44.29700000002049,731.5470000000205,200651
14,hc,4,40000,2,2,40000,15.109000000054948,746.6560000000754,240651
14,do,4,40000,2,2,50,41.53099999995902,788.1870000000345,240701
15,hc,8,80000,2,2,80000,29.56299999996554,817.75,320701
15,do,8,80000,2,2,50,51.07799999997951,868.8279999999795,320751
16,hc,1,10000,2,2,10000,2.969000000040978,871.7970000000205,330751
16,do,1,10000,2,2,50,50.15599999995902,921.9529999999795,330801
17,hc,1,10000,2,2,10000,2.89000000001397,924.8429999999935,340801
17,do,1,10000,2,2,50,49.96900000004098,974.8120000000345,340851
18,hc,2,20000,2,2,20000,5.797000000020489,980.609000000055,360851
18,do,2,20000,2,2,50,50.125,1030.734000000055,360901
19,hc,1,10000,2,2,10000,2.8589999999385327,1033.5929999999935,370901
19,do,1,10000,2,2,50,48.875,1082.484000000055,370951
20,hc,1,10000,2,2,10000,2.937999999965541,1085.4220000000205,380951
20,do,1,10000,2,2,50,47.54599999997299,1132.9679999999935,381001
21,hc,2,20000,2,2,20000,6.422000000020489,1139.390000000014,401001
21,do,2,20000,2,2,50,47.71900000004098,1187.109000000055,401051
22,hc,4,40000,2,2,40000,12.702999999979511,1199.8120000000345,441051
22,do,4,40000,2,2,50,49.75,1249.5620000000345,441101
23,hc,1,10000,2,2,10000,2.812999999965541,1252.375,451101
23,do,1,10000,2,2,50,49.51500000001397,1301.890000000014,451151
24,hc,1,10000,2,2,10000,2.827999999979511,1304.7179999999935,461151
24,do,1,10000,2,2,50,49.90700000000652,1354.625,461201
25,hc,2,20000,2,2,20000,6.062000000034459,1360.6870000000345,481201
25,do,2,20000,2,2,50,50.0,1410.6870000000345,481251
26,hc,1,10000,2,2,10000,2.922000000020489,1413.609000000055,491251
26,do,1,10000,2,2,50,48.71899999992456,1462.3279999999795,491301
27,hc,1,10000,2,2,10000,2.797000000020489,1465.125,501301
27,do,1,10000,2,2,50,46.625,1511.75,501351
28,hc,2,20000,2,2,20000,6.702999999979511,1518.4529999999795,521351
28,do,2,20000,2,2,50,44.90600000007544,1563.359000000055,521401
29,hc,4,40000,2,2,40000,15.797000000020489,1579.1560000000754,561401
29,do,4,40000,2,2,50,28.593999999924563,1607.75,561451
30,hc,8,80000,2,2,80000,33.70299999997951,1641.4529999999795,641451
30,do,8,80000,2,2,50,13.422000000020489,1654.875,641501
31,hc,16,160000,2,2,160000,62.0,1716.875,801501
31,do,16,160000,2,2,50,45.10900000005495,1761.984000000055,801551
32,hc,1,10000,2,2,10000,2.780999999959022,1764.765000000014,811551
32,do,1,10000,2,2,50,49.71900000004098,1814.484000000055,811601
33,hc,1,10000,2,2,10000,2.780999999959022,1817.265000000014,821601
33,do,1,10000,2,2,50,48.875,1866.140000000014,821651
34,hc,2,20000,2,2,20000,5.562999999965541,1871.7029999999795,841651
34,do,2,20000,2,2,50,48.125,1919.8279999999795,841701
35,hc,1,10000,2,2,10000,2.859000000054948,1922.6870000000345,851701
35,do,1,10000,2,2,50,48.93799999996554,1971.625,851751
36,hc,1,10000,2,2,10000,2.797000000020489,1974.4220000000205,861751
36,do,1,10000,2,2,50,47.21799999999348,2021.640000000014,861801
37,hc,2,20000,2,2,20000,5.641000000061467,2027.2810000000754,881801
37,do,2,20000,2,2,50,45.95299999997951,2073.234000000055,881851
38,hc,4,40000,2,2,40000,11.655999999959022,2084.890000000014,921851
38,do,4,40000,2,2,50,47.95299999997951,2132.8429999999935,921901
39,hc,1,10000,2,2,10000,2.9540000000270084,2135.7970000000205,931901
39,do,1,10000,2,2,50,49.56200000003446,2185.359000000055,931951
40,hc,1,10000,2,2,10000,2.765999999945052,2188.125,941951
40,do,1,10000,2,2,50,48.54700000002049,2236.6720000000205,942001
41,hc,2,20000,2,2,20000,5.670999999972992,2242.3429999999935,962001
41,do,2,20000,2,2,50,48.82900000002701,2291.1720000000205,962051
42,hc,1,10000,2,2,10000,2.984000000054948,2294.1560000000754,972051
42,do,1,10000,2,2,50,49.09399999992456,2343.25,972101
43,hc,1,10000,2,2,10000,2.984000000054948,2346.234000000055,982101
43,do,1,10000,2,2,50,46.17200000002049,2392.4060000000754,982151
44,hc,2,20000,2,2,20000,6.671999999904074,2399.0779999999795,1002151
44,do,2,20000,2,2,50,46.703000000095926,2445.7810000000754,1002201
45,hc,4,40000,2,2,40000,13.327999999979511,2459.125,1042201
45,do,4,40000,2,2,50,45.04700000002049,2504.1720000000205,1042251
46,hc,8,80000,2,2,80000,28.375,2532.5470000000205,1122251
46,do,8,80000,2,2,50,46.53099999995902,2579.0779999999795,1122301
47,hc,1,10000,2,2,10000,2.7820000000065193,2581.875,1132301
47,do,1,10000,2,2,50,49.78100000007544,2631.6560000000754,1132351
48,hc,1,10000,2,2,10000,2.827999999979511,2634.484000000055,1142351
48,do,1,10000,2,2,50,49.70299999997951,2684.1870000000345,1142401
49,hc,2,20000,2,2,20000,5.905999999959022,2690.0929999999935,1162401
49,do,2,20000,2,2,50,48.70400000002701,2738.7970000000205,1162451
50,hc,1,10000,2,2,10000,3.062000000034459,2741.859000000055,1172451
50,do,1,10000,2,2,50,48.56299999996554,2790.4220000000205,1172501
51,hc,1,10000,2,2,10000,2.9209999999729916,2793.3429999999935,1182501
51,do,1,10000,2,2,50,49.32900000002701,2842.6720000000205,1182551
52,hc,2,20000,2,2,20000,6.170999999972992,2848.8429999999935,1202551
52,do,2,20000,2,2,50,49.14100000006147,2897.984000000055,1202601
53,hc,4,40000,2,2,40000,12.155999999959022,2910.140000000014,1242601
53,do,4,40000,2,2,50,47.71900000004098,2957.859000000055,1242651
54,hc,1,10000,2,2,10000,2.827999999979511,2960.6870000000345,1252651
54,do,1,10000,2,2,50,50.01599999994505,3010.7029999999795,1252701
55,hc,1,10000,2,2,10000,2.844000000040978,3013.5620000000345,1262701
55,do,1,10000,2,2,50,49.79700000002049,3063.359000000055,1262751
56,hc,2,20000,2,2,20000,6.062999999965541,3069.4220000000205,1282751
56,do,2,20000,2,2,50,48.56200000003446,3117.984000000055,1282801
57,hc,1,10000,2,2,10000,2.827999999979511,3120.8120000000345,1292801
57,do,1,10000,2,2,50,48.14099999994505,3168.9529999999795,1292851
58,hc,1,10000,2,2,10000,3.01500000001397,3171.9679999999935,1302851
58,do,1,10000,2,2,50,42.34400000004098,3214.3120000000345,1302901
59,hc,2,20000,2,2,20000,8.60999999998603,3222.9220000000205,1322901
59,do,2,20000,2,2,50,40.70299999997951,3263.625,1322951
60,hc,4,40000,2,2,40000,19.18700000003446,3282.8120000000345,1362951
60,do,4,40000,2,2,50,28.094000000040978,3310.9060000000754,1363001
61,hc,8,80000,2,2,80000,36.296999999904074,3347.2029999999795,1443001
61,do,8,80000,2,2,50,9.297000000020489,3356.5,1443051
62,hc,16,160000,2,2,160000,75.53100000007544,3432.0310000000754,1603051
62,do,16,160000,2,2,50,5.093999999924563,3437.125,1603101
63,hc,32,320000,2,2,320000,137.35900000005495,3574.484000000055,1923101
63,do,32,320000,2,2,50,43.375,3617.859000000055,1923151
64,hc,1,10000,2,2,10000,2.781000000075437,3620.6560000000754,1933151
64,do,1,10000,2,2,50,44.921999999904074,3665.5779999999795,1933201
65,hc,1,10000,2,2,10000,2.781000000075437,3668.359000000055,1943201
65,do,1,10000,2,2,50,44.81299999996554,3713.1720000000205,1943251
66,hc,2,20000,2,2,20000,5.51500000001397,3718.6870000000345,1963251
66,do,2,20000,2,2,50,44.875,3763.5620000000345,1963301
67,hc,1,10000,2,2,10000,2.75,3766.3120000000345,1973301
67,do,1,10000,2,2,50,45.42200000002049,3811.734000000055,1973351
68,hc,1,10000,2,2,10000,2.843999999924563,3814.5779999999795,1983351
68,do,1,10000,2,2,50,44.31200000003446,3858.890000000014,1983401
69,hc,2,20000,2,2,20000,5.657000000006519,3864.5470000000205,2003401
69,do,2,20000,2,2,50,41.93700000003446,3906.484000000055,2003451
70,hc,4,40000,2,2,40000,11.452999999979511,3917.9370000000345,2043451
70,do,4,40000,2,2,50,43.79700000002049,3961.734000000055,2043501
71,hc,1,10000,2,2,10000,2.797000000020489,3964.5310000000754,2053501
71,do,1,10000,2,2,50,45.186999999918044,4009.7179999999935,2053551
72,hc,1,10000,2,2,10000,2.75,4012.4679999999935,2063551
72,do,1,10000,2,2,50,43.46900000004098,4055.9370000000345,2063601
73,hc,2,20000,2,2,20000,5.937999999965541,4061.875,2083601
73,do,2,20000,2,2,50,43.625,4105.5,2083651
74,hc,1,10000,2,2,10000,2.827999999979511,4108.3279999999795,2093651
74,do,1,10000,2,2,50,45.18700000003446,4153.515000000014,2093701
75,hc,1,10000,2,2,10000,2.922000000020489,4156.4370000000345,2103701
75,do,1,10000,2,2,50,45.34400000004098,4201.7970000000205,2103751
76,hc,2,20000,2,2,20000,6.469000000040978,4208.281000000075,2123751
76,do,2,20000,2,2,50,44.01599999994505,4252.2970000000205,2123801
77,hc,4,40000,2,2,40000,12.96799999999348,4265.265000000014,2163801
77,do,4,40000,2,2,50,38.79700000002049,4304.0620000000345,2163851
78,hc,8,80000,2,2,80000,24.405999999959022,4328.4679999999935,2243851
78,do,8,80000,2,2,50,44.07900000002701,4372.5470000000205,2243901
79,hc,1,10000,2,2,10000,2.812000000034459,4375.359000000055,2253901
79,do,1,10000,2,2,50,45.26599999994505,4420.625,2253951
80,hc,1,10000,2,2,10000,2.797000000020489,4423.4220000000205,2263951
80,do,1,10000,2,2,50,44.26500000001397,4467.6870000000345,2264001
81,hc,2,20000,2,2,20000,5.75,4473.4370000000345,2284001
81,do,2,20000,2,2,50,45.93799999996554,4519.375,2284051
82,hc,1,10000,2,2,10000,2.875,4522.25,2294051
82,do,1,10000,2,2,50,45.68700000003446,4567.9370000000345,2294101
83,hc,1,10000,2,2,10000,2.827999999979511,4570.765000000014,2304101
83,do,1,10000,2,2,50,43.5,4614.265000000014,2304151
84,hc,2,20000,2,2,20000,5.657000000006519,4619.9220000000205,2324151
84,do,2,20000,2,2,50,43.28099999995902,4663.2029999999795,2324201
85,hc,4,40000,2,2,40000,12.047000000020489,4675.25,2364201
85,do,4,40000,2,2,50,44.81200000003446,4720.0620000000345,2364251
86,hc,1,10000,2,2,10000,2.85999999998603,4722.9220000000205,2374251
86,do,1,10000,2,2,50,41.81200000003446,4764.734000000055,2374301
87,hc,1,10000,2,2,10000,2.905999999959022,4767.640000000014,2384301
87,do,1,10000,2,2,50,42.42200000002049,4810.0620000000345,2384351
88,hc,2,20000,2,2,20000,5.609000000054948,4815.6870000000345,2404351
88,do,2,20000,2,2,50,42.76599999994505,4858.4529999999795,2404401
89,hc,1,10000,2,2,10000,3.094000000040978,4861.5470000000205,2414401
89,do,1,10000,2,2,50,41.96799999999348,4903.515000000014,2414451
90,hc,1,10000,2,2,10000,2.85999999998603,4906.375,2424451
90,do,1,10000,2,2,50,39.18700000003446,4945.5620000000345,2424501
91,hc,2,20000,2,2,20000,5.719000000040978,4951.281000000075,2444501
91,do,2,20000,2,2,50,42.70299999997951,4993.984000000055,2444551
92,hc,4,40000,2,2,40000,12.108999999938533,5006.0929999999935,2484551
92,do,4,40000,2,2,50,38.60999999998603,5044.7029999999795,2484601
93,hc,8,80000,2,2,80000,26.26500000001397,5070.9679999999935,2564601
93,do,8,80000,2,2,50,29.67200000002049,5100.640000000014,2564651
94,hc,16,160000,2,2,160000,55.43799999996554,5156.0779999999795,2724651
94,do,16,160000,2,2,50,43.703000000095926,5199.781000000075,2724701
95,hc,1,10000,2,2,10000,2.780999999959022,5202.5620000000345,2734701
95,do,1,10000,2,2,50,45.04700000002049,5247.609000000055,2734751
96,hc,1,10000,2,2,10000,3.030999999959022,5250.640000000014,2744751
96,do,1,10000,2,2,50,46.15700000000652,5296.7970000000205,2744801
97,hc,2,20000,2,2,20000,5.687000000034459,5302.484000000055,2764801
97,do,2,20000,2,2,50,45.73399999993853,5348.2179999999935,2764851
98,hc,1,10000,2,2,10000,2.75,5350.9679999999935,2774851
98,do,1,10000,2,2,50,45.85999999998603,5396.8279999999795,2774901
99,hc,1,10000,2,2,10000,2.9530000000959262,5399.781000000075,2784901
99,do,1,10000,2,2,50,44.796999999904074,5444.5779999999795,2784951
100,hc,2,20000,2,2,20000,5.875,5450.4529999999795,2804951
100,do,2,20000,2,2,50,42.375,5492.8279999999795,2805001
101,hc,4,40000,2,2,40000,11.953000000095926,5504.781000000075,2845001
101,do,4,40000,2,2,50,44.46899999992456,5549.25,2845051
102,hc,1,10000,2,2,10000,2.859000000054948,5552.109000000055,2855051
102,do,1,10000,2,2,50,42.96899999992456,5595.0779999999795,2855101
103,hc,1,10000,2,2,10000,3.125,5598.2029999999795,2865101
103,do,1,10000,2,2,50,44.46900000004098,5642.6720000000205,2865151
104,hc,2,20000,2,2,20000,6.952999999979511,5649.625,2885151
104,do,2,20000,2,2,50,46.01500000001397,5695.640000000014,2885201
105,hc,1,10000,2,2,10000,3.047000000020489,5698.6870000000345,2895201
105,do,1,10000,2,2,50,46.04700000002049,5744.734000000055,2895251
106,hc,1,10000,2,2,10000,2.9839999999385327,5747.7179999999935,2905251
106,do,1,10000,2,2,50,44.96900000004098,5792.6870000000345,2905301
107,hc,2,20000,2,2,20000,6.577999999979511,5799.265000000014,2925301
107,do,2,20000,2,2,50,41.81299999996554,5841.0779999999795,2925351
108,hc,4,40000,2,2,40000,13.062000000034459,5854.140000000014,2965351
108,do,4,40000,2,2,50,37.51600000006147,5891.656000000075,2965401
109,hc,8,80000,2,2,80000,24.375,5916.031000000075,3045401
109,do,8,80000,2,2,50,44.186999999918044,5960.2179999999935,3045451
110,hc,1,10000,2,2,10000,2.98499999998603,5963.2029999999795,3055451
110,do,1,10000,2,2,50,45.26500000001397,6008.4679999999935,3055501
111,hc,1,10000,2,2,10000,2.8910000000614673,6011.359000000055,3065501
111,do,1,10000,2,2,50,45.42200000002049,6056.781000000075,3065551
112,hc,2,20000,2,2,20000,5.702999999979511,6062.484000000055,3085551
112,do,2,20000,2,2,50,45.93799999996554,6108.4220000000205,3085601
113,hc,1,10000,2,2,10000,2.827999999979511,6111.25,3095601
113,do,1,10000,2,2,50,45.76500000001397,6157.015000000014,3095651
114,hc,1,10000,2,2,10000,2.969000000040978,6159.984000000055,3105651
114,do,1,10000,2,2,50,44.67200000002049,6204.6720000000205,3105701
115,hc,2,20000,2,2,20000,5.967999999993481,6210.640000000014,3125701
115,do,2,20000,2,2,50,42.79700000002049,6253.4370000000345,3125751
116,hc,4,40000,2,2,40000,12.765999999945052,6266.2029999999795,3165751
116,do,4,40000,2,2,50,43.81200000003446,6310.015000000014,3165801
117,hc,1,10000,2,2,10000,3.077999999979511,6313.0929999999935,3175801
117,do,1,10000,2,2,50,40.76600000006147,6353.859000000055,3175851
118,hc,1,10000,2,2,10000,3.155999999959022,6357.015000000014,3185851
118,do,1,10000,2,2,50,41.34400000004098,6398.359000000055,3185901
119,hc,2,20000,2,2,20000,6.0,6404.359000000055,3205901
119,do,2,20000,2,2,50,37.5,6441.859000000055,3205951
120,hc,1,10000,2,2,10000,3.5,6445.359000000055,3215951
120,do,1,10000,2,2,50,36.51599999994505,6481.875,3216001
121,hc,1,10000,2,2,10000,3.7179999999934807,6485.5929999999935,3226001
121,do,1,10000,2,2,50,38.625,6524.2179999999935,3226051
122,hc,2,20000,2,2,20000,7.60999999998603,6531.8279999999795,3246051
122,do,2,20000,2,2,50,13.375,6545.2029999999795,3246101
123,hc,4,40000,2,2,40000,16.984000000054948,6562.1870000000345,3286101
123,do,4,40000,2,2,50,24.85999999998603,6587.0470000000205,3286151
124,hc,8,80000,2,2,80000,37.01500000001397,6624.0620000000345,3366151
124,do,8,80000,2,2,50,16.719000000040978,6640.781000000075,3366201
125,hc,16,160000,2,2,160000,75.0,6715.781000000075,3526201
125,do,16,160000,2,2,50,5.171999999904074,6720.9529999999795,3526251
126,hc,32,320000,2,2,320000,160.125,6881.0779999999795,3846251
126,do,32,320000,2,2,50,4.078000000095926,6885.156000000075,3846301
127,hc,64,640000,2,2,640000,275.5779999999795,7160.734000000055,4486301
127,do,64,640000,2,2,50,44.57799999997951,7205.3120000000345,4486351
128,hc,1,10000,2,2,10000,2.937999999965541,7208.25,4496351
128,do,1,10000,2,2,50,46.10900000005495,7254.359000000055,4496401
129,hc,1,10000,2,2,10000,2.890999999945052,7257.25,4506401
129,do,1,10000,2,2,50,45.46799999999348,7302.7179999999935,4506451
130,hc,2,20000,2,2,20000,5.60999999998603,7308.3279999999795,4526451
130,do,2,20000,2,2,50,44.40600000007544,7352.734000000055,4526501
131,hc,1,10000,2,2,10000,2.905999999959022,7355.640000000014,4536501
131,do,1,10000,2,2,50,43.85999999998603,7399.5,4536551
132,hc,1,10000,2,2,10000,3.531000000075437,7403.031000000075,4546551
132,do,1,10000,2,2,50,44.21899999992456,7447.25,4546601
133,hc,2,20000,2,2,20000,5.859000000054948,7453.109000000055,4566601
133,do,2,20000,2,2,50,43.32799999997951,7496.4370000000345,4566651
134,hc,4,40000,2,2,40000,11.780999999959022,7508.2179999999935,4606651
134,do,4,40000,2,2,50,45.03200000000652,7553.25,4606701
135,hc,1,10000,2,2,10000,2.8429999999934807,7556.0929999999935,4616701
135,do,1,10000,2,2,50,45.84400000004098,7601.9370000000345,4616751
136,hc,1,10000,2,2,10000,2.844000000040978,7604.781000000075,4626751
136,do,1,10000,2,2,50,45.421999999904074,7650.2029999999795,4626801
137,hc,2,20000,2,2,20000,5.937000000034459,7656.140000000014,4646801
137,do,2,20000,2,2,50,46.06299999996554,7702.2029999999795,4646851
138,hc,1,10000,2,2,10000,2.89000000001397,7705.0929999999935,4656851
138,do,1,10000,2,2,50,44.813000000081956,7749.906000000075,4656901
139,hc,1,10000,2,2,10000,3.2339999999385327,7753.140000000014,4666901
139,do,1,10000,2,2,50,43.18799999996554,7796.3279999999795,4666951
140,hc,2,20000,2,2,20000,5.969000000040978,7802.2970000000205,4686951
140,do,2,20000,2,2,50,37.82799999997951,7840.125,4687001
141,hc,4,40000,2,2,40000,11.922000000020489,7852.0620000000345,4727001
141,do,4,40000,2,2,50,35.60999999998603,7887.6720000000205,4727051
142,hc,8,80000,2,2,80000,25.359000000054948,7913.031000000075,4807051
142,do,8,80000,2,2,50,45.40599999995902,7958.4370000000345,4807101
143,hc,1,10000,2,2,10000,3.015999999945052,7961.4529999999795,4817101
143,do,1,10000,2,2,50,45.54700000002049,8007.0,4817151
144,hc,1,10000,2,2,10000,3.031000000075437,8010.031000000075,4827151
144,do,1,10000,2,2,50,42.921999999904074,8052.9529999999795,4827201
145,hc,2,20000,2,2,20000,5.984000000054948,8058.9370000000345,4847201
145,do,2,20000,2,2,50,44.98499999998603,8103.9220000000205,4847251
146,hc,1,10000,2,2,10000,2.984000000054948,8106.906000000075,4857251
146,do,1,10000,2,2,50,42.84399999992456,8149.75,4857301
147,hc,1,10000,2,2,10000,2.89000000001397,8152.640000000014,4867301
147,do,1,10000,2,2,50,43.73499999998603,8196.375,4867351
148,hc,2,20000,2,2,20000,6.375,8202.75,4887351
148,do,2,20000,2,2,50,33.875,8236.625,4887401
149,hc,4,40000,2,2,40000,11.34299999999348,8247.967999999993,4927401
149,do,4,40000,2,2,50,45.04700000002049,8293.015000000014,4927451
150,hc,1,10000,2,2,10000,2.75,8295.765000000014,4937451
150,do,1,10000,2,2,50,45.32799999997951,8341.092999999993,4937501
151,hc,1,10000,2,2,10000,2.75,8343.842999999993,4947501
151,do,1,10000,2,2,50,43.98499999998603,8387.82799999998,4947551
152,hc,2,20000,2,2,20000,5.484000000054948,8393.312000000034,4967551
152,do,2,20000,2,2,50,45.93799999996554,8439.25,4967601
153,hc,1,10000,2,2,10000,2.73499999998603,8442.0,4977601
153,do,1,10000,2,2,50,45.92200000002049,8487.92200000002,4977651
154,hc,1,10000,2,2,10000,2.75,8490.67200000002,4987651
154,do,1,10000,2,2,50,43.07799999997951,8533.75,4987701
155,hc,2,20000,2,2,20000,5.5,8539.25,5007701
155,do,2,20000,2,2,50,35.48400000005495,8574.734000000055,5007751
156,hc,4,40000,2,2,40000,11.937999999965541,8586.67200000002,5047751
156,do,4,40000,2,2,50,38.03099999995902,8624.70299999998,5047801
157,hc,8,80000,2,2,80000,28.156000000075437,8652.859000000055,5127801
157,do,8,80000,2,2,50,31.07799999997951,8683.95299999998,5127851
158,hc,16,160000,2,2,160000,56.25,8740.20299999998,5287851
158,do,16,160000,2,2,50,45.703000000095926,8785.906000000075,5287901
159,hc,1,10000,2,2,10000,2.8589999999385327,8788.765000000014,5297901
159,do,1,10000,2,2,50,45.5,8834.265000000014,5297951
160,hc,1,10000,2,2,10000,2.85999999998603,8837.125,5307951
160,do,1,10000,2,2,50,44.29700000002049,8881.42200000002,5308001
161,hc,2,20000,2,2,20000,5.920999999972992,8887.342999999993,5328001
161,do,2,20000,2,2,50,45.15700000000652,8932.5,5328051
162,hc,1,10000,2,2,10000,3.375,8935.875,5338051
162,do,1,10000,2,2,50,43.53100000007544,8979.406000000075,5338101
163,hc,1,10000,2,2,10000,2.9839999999385327,8982.390000000014,5348101
163,do,1,10000,2,2,50,42.92200000002049,9025.312000000034,5348151
164,hc,2,20000,2,2,20000,5.656000000075437,9030.984000000055,5368151
164,do,2,20000,2,2,50,43.10899999993853,9074.092999999993,5368201
165,hc,4,40000,2,2,40000,11.65700000000652,9085.75,5408201
165,do,4,40000,2,2,50,44.125,9129.875,5408251
166,hc,1,10000,2,2,10000,2.781000000075437,9132.656000000075,5418251
166,do,1,10000,2,2,50,45.48399999993853,9178.140000000014,5418301
167,hc,1,10000,2,2,10000,2.7820000000065193,9180.92200000002,5428301
167,do,1,10000,2,2,50,45.48400000005495,9226.406000000075,5428351
168,hc,2,20000,2,2,20000,5.546999999904074,9231.95299999998,5448351
168,do,2,20000,2,2,50,44.328000000095926,9276.281000000075,5448401
169,hc,1,10000,2,2,10000,2.7969999999040738,9279.07799999998,5458401
169,do,1,10000,2,2,50,43.328000000095926,9322.406000000075,5458451
170,hc,1,10000,2,2,10000,2.890999999945052,9325.29700000002,5468451
170,do,1,10000,2,2,50,42.53099999995902,9367.82799999998,5468501
171,hc,2,20000,2,2,20000,5.453000000095926,9373.281000000075,5488501
171,do,2,20000,2,2,50,36.70299999997951,9409.984000000055,5488551
172,hc,4,40000,2,2,40000,11.437999999965541,9421.42200000002,5528551
172,do,4,40000,2,2,50,37.78099999995902,9459.20299999998,5528601
173,hc,8,80000,2,2,80000,25.453000000095926,9484.656000000075,5608601
173,do,8,80000,2,2,50,43.125,9527.781000000075,5608651
174,hc,1,10000,2,2,10000,2.8119999999180436,9530.592999999993,5618651
174,do,1,10000,2,2,50,40.89100000006147,9571.484000000055,5618701
175,hc,1,10000,2,2,10000,3.327999999979511,9574.812000000034,5628701
175,do,1,10000,2,2,50,40.79700000002049,9615.609000000055,5628751
176,hc,2,20000,2,2,20000,6.297000000020489,9621.906000000075,5648751
176,do,2,20000,2,2,50,41.171999999904074,9663.07799999998,5648801
177,hc,1,10000,2,2,10000,3.594000000040978,9666.67200000002,5658801
177,do,1,10000,2,2,50,38.92099999997299,9705.592999999993,5658851
178,hc,1,10000,2,2,10000,3.10999999998603,9708.70299999998,5668851
178,do,1,10000,2,2,50,41.03100000007544,9749.734000000055,5668901
179,hc,2,20000,2,2,20000,6.608999999938533,9756.342999999993,5688901
179,do,2,20000,2,2,50,38.65700000000652,9795.0,5688951
180,hc,4,40000,2,2,40000,11.062000000034459,9806.062000000034,5728951
180,do,4,40000,2,2,50,40.28099999995902,9846.342999999993,5729001
181,hc,1,10000,2,2,10000,3.25,9849.592999999993,5739001
181,do,1,10000,2,2,50,38.96900000004098,9888.562000000034,5739051
182,hc,1,10000,2,2,10000,3.219000000040978,9891.781000000075,5749051
182,do,1,10000,2,2,50,42.09399999992456,9933.875,5749101
183,hc,2,20000,2,2,20000,5.717999999993481,9939.592999999993,5769101
183,do,2,20000,2,2,50,44.89100000006147,9984.484000000055,5769151
184,hc,1,10000,2,2,10000,2.7339999999385327,9987.217999999993,5779151
184,do,1,10000,2,2,50,45.65700000000652,10032.875,5779201
185,hc,1,10000,2,2,10000,2.984000000054948,10035.859000000055,5789201
185,do,1,10000,2,2,50,43.85899999993853,10079.717999999993,5789251
186,hc,2,20000,2,2,20000,5.797000000020489,10085.515000000014,5809251
186,do,2,20000,2,2,50,38.78200000000652,10124.29700000002,5809301
187,hc,4,40000,2,2,40000,11.062000000034459,10135.359000000055,5849301
187,do,4,40000,2,2,50,34.84399999992456,10170.20299999998,5849351
188,hc,8,80000,2,2,80000,28.68700000003446,10198.890000000014,5929351
188,do,8,80000,2,2,50,34.17200000002049,10233.062000000034,5929401
189,hc,16,160000,2,2,160000,64.04700000002049,10297.109000000055,6089401
189,do,16,160000,2,2,50,18.890999999945052,10316.0,6089451
190,hc,32,320000,2,2,320000,125.98400000005495,10441.984000000055,6409451
190,do,32,320000,2,2,50,42.10899999993853,10484.092999999993,6409501
191,hc,1,10000,2,2,10000,2.85999999998603,10486.95299999998,6419501
191,do,1,10000,2,2,50,46.31200000003446,10533.265000000014,6419551
192,hc,1,10000,2,2,10000,2.969000000040978,10536.234000000055,6429551
192,do,1,10000,2,2,50,45.76599999994505,10582.0,6429601
193,hc,2,20000,2,2,20000,5.592999999993481,10587.592999999993,6449601
193,do,2,20000,2,2,50,44.25,10631.842999999993,6449651
194,hc,1,10000,2,2,10000,2.9070000000065193,10634.75,6459651
194,do,1,10000,2,2,50,44.57799999997951,10679.32799999998,6459701
195,hc,1,10000,2,2,10000,2.875,10682.20299999998,6469701
195,do,1,10000,2,2,50,44.57900000002701,10726.79700000002,6469751
196,hc,2,20000,2,2,20000,5.452999999979511,10732.25,6489751
196,do,2,20000,2,2,50,43.60900000005495,10775.859000000055,6489801
197,hc,4,40000,2,2,40000,11.625,10787.484000000055,6529801
197,do,4,40000,2,2,50,43.93799999996554,10831.42200000002,6529851
198,hc,1,10000,2,2,10000,2.812999999965541,10834.25,6539851
198,do,1,10000,2,2,50,46.29700000002049,10880.562000000034,6539901
199,hc,1,10000,2,2,10000,2.844000000040978,10883.406000000075,6549901
199,do,1,10000,2,2,50,45.46899999992456,10928.875,6549951
200,hc,2,20000,2,2,20000,5.577999999979511,10934.45299999998,6569951
200,do,2,20000,2,2,50,46.29700000002049,10980.75,6570001
201,hc,1,10000,2,2,10000,2.76500000001397,10983.515000000014,6580001
201,do,1,10000,2,2,50,43.07799999997951,11026.592999999993,6580051
202,hc,1,10000,2,2,10000,3.125,11029.717999999993,6590051
202,do,1,10000,2,2,50,41.25,11070.967999999993,6590101
203,hc,2,20000,2,2,20000,6.938000000081956,11077.906000000075,6610101
203,do,2,20000,2,2,50,37.84399999992456,11115.75,6610151
204,hc,4,40000,2,2,40000,13.609000000054948,11129.359000000055,6650151
204,do,4,40000,2,2,50,38.82799999997951,11168.187000000034,6650201
205,hc,8,80000,2,2,80000,25.29700000002049,11193.484000000055,6730201
205,do,8,80000,2,2,50,43.98399999993853,11237.467999999993,6730251
206,hc,1,10000,2,2,10000,2.73499999998603,11240.20299999998,6740251
206,do,1,10000,2,2,50,40.34400000004098,11280.562000000034,6740301
207,hc,1,10000,2,2,10000,2.937999999965541,11283.5,6750301
207,do,1,10000,2,2,50,43.84299999999348,11327.342999999993,6750351
208,hc,2,20000,2,2,20000,5.547000000020489,11332.890000000014,6770351
208,do,2,20000,2,2,50,45.48499999998603,11378.375,6770401
209,hc,1,10000,2,2,10000,2.89000000001397,11381.265000000014,6780401
209,do,1,10000,2,2,50,44.71900000004098,11425.984000000055,6780451
210,hc,1,10000,2,2,10000,2.7339999999385327,11428.717999999993,6790451
210,do,1,10000,2,2,50,42.938000000081956,11471.656000000075,6790501
211,hc,2,20000,2,2,20000,5.640999999945052,11477.29700000002,6810501
211,do,2,20000,2,2,50,43.96799999999348,11521.265000000014,6810551
212,hc,4,40000,2,2,40000,11.702999999979511,11532.967999999993,6850551
212,do,4,40000,2,2,50,45.28200000000652,11578.25,6850601
213,hc,1,10000,2,2,10000,2.781000000075437,11581.031000000075,6860601
213,do,1,10000,2,2,50,45.32799999997951,11626.359000000055,6860651
214,hc,1,10000,2,2,10000,2.859000000054948,11629.234000000055,6870651
214,do,1,10000,2,2,50,44.32799999997951,11673.562000000034,6870701
215,hc,2,20000,2,2,20000,5.60999999998603,11679.17200000002,6890701
215,do,2,20000,2,2,50,45.32799999997951,11724.5,6890751
216,hc,1,10000,2,2,10000,2.781000000075437,11727.281000000075,6900751
216,do,1,10000,2,2,50,44.875,11772.156000000075,6900801
217,hc,1,10000,2,2,10000,2.75,11774.906000000075,6910801
217,do,1,10000,2,2,50,39.76599999994505,11814.67200000002,6910851
218,hc,2,20000,2,2,20000,5.734000000054948,11820.406000000075,6930851
218,do,2,20000,2,2,50,38.95299999997951,11859.359000000055,6930901
219,hc,4,40000,2,2,40000,14.922000000020489,11874.281000000075,6970901
219,do,4,40000,2,2,50,33.936999999918044,11908.217999999993,6970951
220,hc,8,80000,2,2,80000,25.98499999998603,11934.20299999998,7050951
220,do,8,80000,2,2,50,35.81200000003446,11970.015000000014,7051001
221,hc,16,160000,2,2,160000,52.95299999997951,12022.967999999993,7211001
221,do,16,160000,2,2,50,46.26600000006147,12069.234000000055,7211051
222,hc,1,10000,2,2,10000,2.797000000020489,12072.04700000002,7221051
222,do,1,10000,2,2,50,45.85900000005495,12117.906000000075,7221101
223,hc,1,10000,2,2,10000,2.7339999999385327,12120.640000000014,7231101
223,do,1,10000,2,2,50,44.67200000002049,12165.312000000034,7231151
224,hc,2,20000,2,2,20000,5.547000000020489,12170.859000000055,7251151
224,do,2,20000,2,2,50,43.65599999995902,12214.515000000014,7251201
225,hc,1,10000,2,2,10000,2.85999999998603,12217.375,7261201
225,do,1,10000,2,2,50,45.0,12262.375,7261251
226,hc,1,10000,2,2,10000,2.7179999999934807,12265.092999999993,7271251
226,do,1,10000,2,2,50,44.125,12309.217999999993,7271301
227,hc,2,20000,2,2,20000,5.469000000040978,12314.687000000034,7291301
227,do,2,20000,2,2,50,42.56299999996554,12357.25,7291351
228,hc,4,40000,2,2,40000,11.39000000001397,12368.640000000014,7331351
228,do,4,40000,2,2,50,45.48499999998603,12414.125,7331401
229,hc,1,10000,2,2,10000,2.75,12416.875,7341401
229,do,1,10000,2,2,50,46.01500000001397,12462.890000000014,7341451
230,hc,1,10000,2,2,10000,2.75,12465.640000000014,7351451
230,do,1,10000,2,2,50,44.25,12509.890000000014,7351501
231,hc,2,20000,2,2,20000,5.60999999998603,12515.5,7371501
231,do,2,20000,2,2,50,43.15600000007544,12558.656000000075,7371551
232,hc,1,10000,2,2,10000,2.780999999959022,12561.437000000034,7381551
232,do,1,10000,2,2,50,44.40599999995902,12605.842999999993,7381601
233,hc,1,10000,2,2,10000,3.297000000020489,12609.156000000075,7391601
233,do,1,10000,2,2,50,35.15599999995902,12644.312000000034,7391651
234,hc,2,20000,2,2,20000,5.5,12649.812000000034,7411651
234,do,2,20000,2,2,50,35.73499999998603,12685.54700000002,7411701
235,hc,4,40000,2,2,40000,14.25,12699.79700000002,7451701
235,do,4,40000,2,2,50,36.17099999997299,12735.967999999993,7451751
236,hc,8,80000,2,2,80000,24.32900000002701,12760.29700000002,7531751
236,do,8,80000,2,2,50,37.09299999999348,12797.390000000014,7531801
237,hc,1,10000,2,2,10000,3.35999999998603,12800.75,7541801
237,do,1,10000,2,2,50,31.859000000054948,12832.609000000055,7541851
238,hc,1,10000,2,2,10000,3.187999999965541,12835.79700000002,7551851
238,do,1,10000,2,2,50,41.06200000003446,12876.859000000055,7551901
239,hc,2,20000,2,2,20000,5.687999999965541,12882.54700000002,7571901
239,do,2,20000,2,2,50,35.375,12917.92200000002,7571951
240,hc,1,10000,2,2,10000,3.484000000054948,12921.406000000075,7581951
240,do,1,10000,2,2,50,29.421999999904074,12950.82799999998,7582001
241,hc,1,10000,2,2,10000,3.4530000000959262,12954.281000000075,7592001
241,do,1,10000,2,2,50,31.0,12985.281000000075,7592051
242,hc,2,20000,2,2,20000,6.468999999924563,12991.75,7612051
242,do,2,20000,2,2,50,34.92200000002049,13026.67200000002,7612101
243,hc,4,40000,2,2,40000,14.234000000054948,13040.906000000075,7652101
243,do,4,40000,2,2,50,30.936999999918044,13071.842999999993,7652151
244,hc,1,10000,2,2,10000,3.4380000000819564,13075.281000000075,7662151
244,do,1,10000,2,2,50,30.718999999924563,13106.0,7662201
245,hc,1,10000,2,2,10000,3.202999999979511,13109.20299999998,7672201
245,do,1,10000,2,2,50,38.45400000002701,13147.67200000002,7672251
246,hc,2,20000,2,2,20000,6.420999999972992,13154.092999999993,7692251
246,do,2,20000,2,2,50,31.35999999998603,13185.45299999998,7692301
247,hc,1,10000,2,2,10000,3.625,13189.07799999998,7702301
247,do,1,10000,2,2,50,32.703000000095926,13221.781000000075,7702351
248,hc,1,10000,2,2,10000,3.093999999924563,13224.875,7712351
248,do,1,10000,2,2,50,32.75,13257.625,7712401
249,hc,2,20000,2,2,20000,8.21799999999348,13265.842999999993,7732401
249,do,2,20000,2,2,50,28.82900000002701,13294.67200000002,7732451
250,hc,4,40000,2,2,40000,18.34299999999348,13313.015000000014,7772451
250,do,4,40000,2,2,50,3.7820000000065193,13316.79700000002,7772501
251,hc,8,80000,2,2,80000,37.35900000005495,13354.156000000075,7852501
251,do,8,80000,2,2,50,4.125,13358.281000000075,7852551
252,hc,16,160000,2,2,160000,75.03099999995902,13433.312000000034,8012551
252,do,16,160000,2,2,50,3.797000000020489,13437.109000000055,8012601
253,hc,32,320000,2,2,320000,150.89099999994505,13588.0,8332601
253,do,32,320000,2,2,50,3.859000000054948,13591.859000000055,8332651
254,hc,64,640000,2,2,640000,287.48399999993853,13879.342999999993,8972651
254,do,64,640000,2,2,50,28.07900000002701,13907.42200000002,8972701
255,hc,128,1280000,2,2,1081462,492.56299999996554,14400.0,10054163
