block,class_id,kind,domain_size,observed_categories,entropy_bits,modal_fraction
0,1,time,25,25,4.586596337045314,0.0596
1,1,room,1,1,-0.0,1.0
2,2,time,25,25,4.584564191373345,0.0564
3,2,room,1,1,-0.0,1.0
4,3,time,1,1,-0.0,1.0
5,3,room,1,1,-0.0,1.0
6,4,time,4,4,1.9296563018102733,0.3844
7,4,room,7,7,2.6824563751464443,0.2496
8,5,time,1,1,-0.0,1.0
9,5,room,5,5,2.261383380289014,0.2592
10,6,time,1,1,-0.0,1.0
11,7,time,1,1,-0.0,1.0
12,8,time,1,1,-0.0,1.0
13,9,time,1,1,-0.0,1.0
14,10,time,1,1,-0.0,1.0
15,11,time,1,1,-0.0,1.0
16,12,time,1,1,-0.0,1.0
17,12,room,1,1,-0.0,1.0
18,13,time,2,2,0.967580399346642,0.6056
19,13,room,6,6,2.4585687682339303,0.242
20,14,time,3,3,1.533305089691198,0.4512
21,14,room,1,1,-0.0,1.0
22,15,time,1,1,-0.0,1.0
23,15,room,1,1,-0.0,1.0
24,16,time,2,2,0.9987028014431889,0.5212
25,16,room,7,7,2.4006277587014813,0.4168
26,17,time,7,7,2.67475947822233,0.2772
27,17,room,7,7,2.7149040175609302,0.2644
28,18,time,1,1,-0.0,1.0
29,19,time,1,1,-0.0,1.0
30,20,time,1,1,-0.0,1.0
31,21,time,1,1,-0.0,1.0
32,22,time,1,1,-0.0,1.0
33,23,time,1,1,-0.0,1.0
34,24,time,4,4,1.9293054628203803,0.3848
35,24,room,7,7,2.6824563751464443,0.2496
36,25,time,31,31,4.853586950225188,0.0632
37,25,room,2,2,0.9939918903709333,0.5456
38,26,time,9,9,3.018427431926173,0.1688
39,26,room,2,2,0.9998961234639354,0.506
40,27,time,18,18,3.9084163513116956,0.1704
41,27,room,2,2,0.9841414105340351,0.574
42,28,time,20,20,4.26764302823393,0.0804
43,28,room,6,6,2.529505176947553,0.2368
44,29,time,20,20,4.2642249848214195,0.0936
45,29,room,6,6,2.529352908118618,0.23
46,30,time,20,20,4.270412440574167,0.0884
47,30,room,6,6,2.546470341422913,0.2136
48,31,time,20,20,4.247019990164547,0.0812
49,31,room,6,6,2.529325785936519,0.2352
50,32,time,2,2,0.9997557668011241,0.5092
51,32,room,4,4,1.905792170000579,0.3288
52,33,time,3,3,1.5807810063327876,0.3636
53,33,room,6,6,2.514282925236804,0.2004
54,34,time,2,2,0.9997557668011241,0.5092
55,34,room,4,4,1.9159511773759967,0.3072
56,35,time,2,2,0.9997557668011241,0.5092
57,35,room,4,4,1.9159511773759967,0.3072
58,36,time,4,4,1.9923001136115772,0.268
59,36,room,7,7,2.7630630854783322,0.2144
60,37,time,4,4,1.9921484076127642,0.2684
61,37,room,7,7,2.7630630854783322,0.2144
62,38,time,1,1,-0.0,1.0
63,38,room,5,5,2.2873078474381585,0.2512
64,39,time,1,1,-0.0,1.0
65,39,room,7,7,2.769226146091565,0.2124
66,40,time,1,1,-0.0,1.0
67,40,room,1,1,-0.0,1.0
68,41,time,1,1,-0.0,1.0
69,41,room,1,1,-0.0,1.0
70,42,time,24,24,4.500779948100918,0.0644
71,42,room,1,1,-0.0,1.0
72,43,time,24,24,4.511279948493128,0.0616
73,43,room,1,1,-0.0,1.0
74,44,time,28,28,4.459126959408691,0.1304
75,44,room,3,3,1.5206540219198028,0.4544
76,45,time,3,3,1.3983094084572256,0.582
77,45,room,5,5,2.2394190363773445,0.3288
78,46,time,1,1,-0.0,1.0
79,46,room,7,7,2.769226146091565,0.2124
80,47,time,16,16,3.9777673141912864,0.0816
81,47,room,7,7,2.638659412463038,0.3064
82,48,time,40,40,5.1819555623116065,0.0636
83,48,room,7,7,2.620656443438297,0.31
84,49,time,46,46,4.862995797541307,0.0796
85,49,room,1,1,-0.0,1.0
86,50,time,46,44,5.145156038587145,0.074
87,50,room,1,1,-0.0,1.0
88,51,time,4,4,1.9990067636334423,0.2596
89,51,room,5,5,2.296545187856368,0.2452
90,52,time,1,1,-0.0,1.0
91,53,time,1,1,-0.0,1.0
92,54,time,1,1,-0.0,1.0
93,55,time,1,1,-0.0,1.0
94,56,time,4,4,1.9990067636334423,0.2596
95,56,room,5,5,2.296545187856368,0.2452
96,57,time,3,3,1.5846396246887564,0.34
97,57,room,5,5,2.288932029228784,0.2292
98,58,time,24,24,4.508432629887267,0.0636
99,58,room,1,1,-0.0,1.0
100,59,time,24,24,4.516757079834461,0.0664
101,59,room,1,1,-0.0,1.0
102,60,time,3,3,1.5833098462608817,0.356
103,60,room,1,1,-0.0,1.0
104,61,time,1,1,-0.0,1.0
105,61,room,1,1,-0.0,1.0
106,62,time,7,7,2.7897862800147,0.1632
107,62,room,4,4,1.9984719574115997,0.2608
108,63,time,1,1,-0.0,1.0
109,63,room,1,1,-0.0,1.0
110,64,time,1,1,-0.0,1.0
111,64,room,1,1,-0.0,1.0
112,65,time,1,1,-0.0,1.0
113,65,room,7,7,2.71834413090125,0.2544
114,66,time,1,1,-0.0,1.0
115,66,room,1,1,-0.0,1.0
116,67,time,1,1,-0.0,1.0
117,67,room,1,1,-0.0,1.0
118,68,time,1,1,-0.0,1.0
119,68,room,1,1,-0.0,1.0
120,69,time,1,1,-0.0,1.0
121,69,room,1,1,-0.0,1.0
122,70,time,1,1,-0.0,1.0
123,70,room,1,1,-0.0,1.0
124,71,time,1,1,-0.0,1.0
125,71,room,1,1,-0.0,1.0
126,72,time,3,3,1.568637923451262,0.4048
127,72,room,7,7,2.7442974401738227,0.2196
128,73,time,1,1,-0.0,1.0
129,73,room,1,1,-0.0,1.0
130,74,time,24,24,4.4644211493110335,0.0844
131,74,room,2,2,0.9285950940151024,0.656
132,75,time,40,40,5.222469145953769,0.0444
133,75,room,1,1,-0.0,1.0
134,76,time,40,40,5.229049849084482,0.0376
135,76,room,1,1,-0.0,1.0
136,77,time,1,1,-0.0,1.0
137,77,room,7,7,2.6152317198122765,0.3008
138,78,time,1,1,-0.0,1.0
139,78,room,1,1,-0.0,1.0
140,79,time,27,26,4.085284640922381,0.1404
141,79,room,6,6,2.5458643334257447,0.2264
142,80,time,29,29,4.549373089436764,0.1044
143,80,room,6,6,2.5737368288790377,0.1916
144,81,time,1,1,-0.0,1.0
145,81,room,1,1,-0.0,1.0
146,82,time,1,1,-0.0,1.0
147,82,room,1,1,-0.0,1.0
148,83,time,1,1,-0.0,1.0
149,83,room,1,1,-0.0,1.0
150,84,time,1,1,-0.0,1.0
151,84,room,1,1,-0.0,1.0
152,85,time,1,1,-0.0,1.0
153,85,room,1,1,-0.0,1.0
154,86,time,1,1,-0.0,1.0
155,86,room,1,1,-0.0,1.0
156,87,time,1,1,-0.0,1.0
157,87,room,1,1,-0.0,1.0
158,88,time,26,26,4.637774201229663,0.0612
159,88,room,1,1,-0.0,1.0
160,89,time,26,26,4.63293496772571,0.0648
161,89,room,1,1,-0.0,1.0
162,90,time,26,26,4.637195174348867,0.0664
163,90,room,1,1,-0.0,1.0
164,91,time,26,26,4.6321487739677245,0.0616
165,91,room,1,1,-0.0,1.0
166,92,time,26,26,4.624612996929386,0.0716
167,92,room,1,1,-0.0,1.0
168,93,time,1,1,-0.0,1.0
169,93,room,1,1,-0.0,1.0
170,94,time,22,22,3.9954183261845717,0.1124
171,95,time,32,32,4.834101163399396,0.0568
172,95,room,6,6,2.545976376509869,0.2292
173,96,time,25,22,4.289684089256386,0.0996
174,96,room,1,1,-0.0,1.0
175,97,time,41,41,5.260150394676741,0.06
176,97,room,7,7,2.754094616213475,0.2128
177,98,time,1,1,-0.0,1.0
178,98,room,1,1,-0.0,1.0
179,99,time,53,53,5.647426681723265,0.0376
180,99,room,1,1,-0.0,1.0
181,100,time,53,53,5.633684740591133,0.036
182,100,room,1,1,-0.0,1.0
183,101,time,53,53,5.648741122979379,0.0316
184,101,room,1,1,-0.0,1.0
185,102,time,53,53,5.6369703342757465,0.0348
186,102,room,1,1,-0.0,1.0
187,103,time,53,53,5.640367256208454,0.038
188,103,room,1,1,-0.0,1.0
189,104,time,53,53,5.647208233771048,0.036
190,104,room,1,1,-0.0,1.0
191,105,time,53,53,5.63384005661402,0.0392
192,105,room,1,1,-0.0,1.0
193,106,time,53,53,5.645871368662365,0.036
194,106,room,1,1,-0.0,1.0
195,107,time,22,22,4.367410381994636,0.0748
196,107,room,2,2,0.9909324035683699,0.556
197,108,time,29,29,4.7330741588118235,0.0752
198,108,room,2,2,0.9994971912163815,0.5132
199,109,time,29,29,4.683018396099677,0.0952
200,109,room,2,2,0.9876990908188328,0.5652
201,110,time,1,1,-0.0,1.0
202,110,room,1,1,-0.0,1.0
203,111,time,1,1,-0.0,1.0
204,111,room,1,1,-0.0,1.0
205,112,time,1,1,-0.0,1.0
206,112,room,1,1,-0.0,1.0
207,113,time,1,1,-0.0,1.0
208,113,room,1,1,-0.0,1.0
209,114,time,18,18,4.085239404726604,0.0868
210,114,room,2,2,0.9997963972977278,0.5084
211,115,time,18,18,4.085239404726604,0.0868
212,115,room,2,2,0.9997963972977278,0.5084
213,116,time,21,21,4.088888238986694,0.1108
214,116,room,1,1,-0.0,1.0
215,117,time,21,21,4.072321325158416,0.1216
216,117,room,1,1,-0.0,1.0
217,118,time,21,21,4.0878339184069015,0.1204
218,118,room,1,1,-0.0,1.0
219,119,time,21,21,4.0890216638900085,0.1208
220,119,room,1,1,-0.0,1.0
221,120,time,56,56,5.6175908317171785,0.0408
222,120,room,7,7,2.5997328584205497,0.3124
223,121,time,1,1,-0.0,1.0
224,121,room,1,1,-0.0,1.0
225,122,time,1,1,-0.0,1.0
226,122,room,1,1,-0.0,1.0
227,123,time,1,1,-0.0,1.0
228,123,room,1,1,-0.0,1.0
229,124,time,45,41,4.609223943130267,0.112
230,124,room,4,4,1.998186279486747,0.2676
231,125,time,44,44,5.315989706870868,0.0384
232,125,room,1,1,-0.0,1.0
233,126,time,44,44,5.322050839707793,0.0364
234,126,room,1,1,-0.0,1.0
235,127,time,7,7,2.7024601459846,0.2568
236,127,room,5,5,2.2237458356762763,0.2548
237,128,time,11,11,3.3016121086466903,0.1636
238,128,room,5,5,2.2449840687954694,0.2804
239,129,time,28,28,4.735042475756235,0.0756
240,129,room,6,6,2.536350305029181,0.2292
241,130,time,6,6,2.5831068373808233,0.1828
242,130,room,1,1,-0.0,1.0
243,131,time,6,6,2.580118344655625,0.1852
244,131,room,1,1,-0.0,1.0
245,132,time,6,6,2.5842694778314454,0.174
246,132,room,1,1,-0.0,1.0
247,133,time,6,6,2.574519712659466,0.1872
248,133,room,1,1,-0.0,1.0
249,134,time,6,6,2.5806243554156505,0.1896
250,134,room,1,1,-0.0,1.0
251,135,time,20,20,4.079710518340454,0.1496
252,135,room,1,1,-0.0,1.0
253,136,time,1,1,-0.0,1.0
254,136,room,4,4,1.9916976946810352,0.2792
255,137,time,1,1,-0.0,1.0
256,137,room,4,4,1.9899628949178079,0.2812
257,138,time,5,5,2.259613821788358,0.2872
258,138,room,1,1,-0.0,1.0
259,139,time,5,5,2.259613821788358,0.2872
260,140,time,42,42,5.203549439590666,0.0728
261,140,room,1,1,-0.0,1.0
262,141,time,23,21,4.103536026481397,0.1316
263,141,room,2,2,0.9938858724897721,0.546
264,142,time,15,15,3.722704391074882,0.1332
265,142,room,4,4,1.9293641637185859,0.3396
266,143,time,15,15,3.7208855869359505,0.154
267,143,room,4,4,1.9279284499421476,0.3292
268,144,time,15,15,3.728467434461774,0.1396
269,144,room,4,4,1.9361859843913343,0.3348
270,145,time,33,33,4.952886815220098,0.0584
271,145,room,1,1,-0.0,1.0
272,146,time,47,47,5.421047312131853,0.0408
273,146,room,2,2,0.9998961234639354,0.506
274,147,time,1,1,-0.0,1.0
275,147,room,1,1,-0.0,1.0
276,148,time,22,22,4.415527792057729,0.0736
277,148,room,2,2,0.9725649436159685,0.5972
278,149,time,22,22,4.398369910869264,0.0824
279,149,room,2,2,0.9816396867125532,0.5796
280,150,time,10,10,3.291333212184083,0.1292
281,150,room,2,2,0.9660780975952254,0.608
282,151,time,10,10,3.2924944270762895,0.1456
283,151,room,2,2,0.9586050782771656,0.6192
284,152,time,10,10,3.2916829632773714,0.134
285,152,room,2,2,0.9692891169560109,0.6028
286,153,time,1,1,-0.0,1.0
287,153,room,1,1,-0.0,1.0
288,154,time,1,1,-0.0,1.0
289,154,room,1,1,-0.0,1.0
290,155,time,17,17,3.9072775572558323,0.0996
291,155,room,5,5,2.2207265932545415,0.2944
292,156,time,17,17,3.9727199070558092,0.106
293,156,room,6,6,2.4695880680410913,0.2544
294,157,time,1,1,-0.0,1.0
295,157,room,6,6,2.4999193536062334,0.2472
296,158,time,33,33,4.862377685457041,0.0592
297,158,room,5,5,2.2506529378892473,0.2724
298,159,time,33,33,4.8625328838340725,0.0592
299,159,room,5,5,2.2506529378892473,0.2724
300,160,time,30,30,4.811541814719449,0.0712
301,160,room,6,6,2.5426118782298115,0.236
302,161,time,55,55,5.639483137725605,0.042
303,161,room,6,6,2.56064202339642,0.21
304,162,time,40,40,5.227634577787136,0.0384
305,162,room,1,1,-0.0,1.0
306,163,time,21,21,4.189477601631333,0.1044
307,163,room,1,1,-0.0,1.0
308,164,time,26,26,4.474494807603845,0.088
309,164,room,1,1,-0.0,1.0
310,165,time,8,8,2.9141947423509293,0.198
311,165,room,1,1,-0.0,1.0
312,166,time,5,5,2.3090216979983533,0.2516
313,166,room,1,1,-0.0,1.0
314,167,time,19,18,3.3501649244312093,0.2488
315,167,room,5,5,2.2419245518290447,0.2728
316,168,time,20,20,4.212216700988312,0.0892
317,168,room,7,7,2.5597869283493067,0.3568
318,169,time,20,20,4.197763582725661,0.1
319,169,room,7,7,2.551058683087569,0.3576
320,170,time,7,7,2.764512390634915,0.2248
321,170,room,2,2,0.8080927832245586,0.752
322,171,time,7,7,2.764512390634915,0.2248
323,171,room,2,2,0.8080927832245586,0.752
324,172,time,22,22,4.427013738432638,0.0652
325,172,room,1,1,-0.0,1.0
326,173,time,18,18,4.152063721453381,0.0756
327,173,room,1,1,-0.0,1.0
328,174,time,22,22,4.431421532228501,0.0616
329,174,room,1,1,-0.0,1.0
330,175,time,1,1,-0.0,1.0
331,175,room,1,1,-0.0,1.0
332,176,time,1,1,-0.0,1.0
333,176,room,1,1,-0.0,1.0
334,177,time,1,1,-0.0,1.0
335,177,room,1,1,-0.0,1.0
336,178,time,32,32,4.827755997445786,0.0788
337,178,room,7,7,2.6301170874228923,0.3112
338,179,time,32,32,4.8888021636455905,0.0732
339,179,room,7,7,2.611715985153993,0.32
340,180,time,39,39,5.16334655995916,0.0692
341,180,room,6,6,2.5604927287191495,0.2276
342,181,time,15,15,3.451051514088273,0.2276
343,181,room,7,7,2.591160732417726,0.2964
344,182,time,36,36,5.00562884831656,0.0692
345,182,room,7,7,2.599329071197052,0.332
346,183,time,36,36,4.79376062862328,0.1084
347,183,room,6,6,2.3862979634959185,0.348
348,184,time,25,25,4.545396463003971,0.0876
349,184,room,6,6,2.4646801444161306,0.2492
350,185,time,33,33,4.750373856461473,0.0764
351,185,room,2,2,0.8803107857825663,0.7008
352,186,time,33,33,4.761033167498106,0.0776
353,186,room,2,2,0.8718013382811883,0.7076
354,187,time,33,33,4.727444951056037,0.0784
355,187,room,2,2,0.8748412663556308,0.7052
356,188,time,33,33,4.746527794861288,0.0764
357,188,room,2,2,0.8812908992306927,0.7
358,189,time,33,33,4.710234670483787,0.0808
359,189,room,2,2,0.855995266260304,0.7196
360,190,time,27,27,4.208369751407665,0.1132
361,190,room,6,6,2.457352793205255,0.2924
362,191,time,27,27,4.597391144950912,0.0844
363,191,room,6,6,2.516193656319113,0.2548
364,192,time,19,19,3.292476580135295,0.2776
365,192,room,4,4,1.9667663668671214,0.302
366,193,time,20,20,4.216788097640433,0.102
367,193,room,6,6,2.496257447388715,0.2508
368,194,time,20,20,4.221439060486851,0.0932
369,194,room,6,6,2.507424730104794,0.2512
370,195,time,20,20,3.9412134730677657,0.1912
371,195,room,1,1,-0.0,1.0
372,196,time,20,20,3.895218765856522,0.2048
373,196,room,1,1,-0.0,1.0
374,197,time,16,15,3.547300882017073,0.1532
375,197,room,6,6,2.4570375774564175,0.3052
376,198,time,14,14,3.498410777262766,0.168
377,198,room,2,2,0.9999773784235225,0.5028
378,199,time,24,24,4.543713808926237,0.0616
379,199,room,1,1,-0.0,1.0
380,200,time,24,24,4.543713808926237,0.0616
381,201,time,24,24,4.532069545271896,0.0604
382,201,room,1,1,-0.0,1.0
383,202,time,24,24,4.532069545271896,0.0604
384,203,time,24,24,4.545728022610325,0.0608
385,203,room,1,1,-0.0,1.0
386,204,time,24,24,4.545728022610325,0.0608
387,205,time,24,24,4.538557528690065,0.0604
388,205,room,1,1,-0.0,1.0
389,206,time,24,24,4.538557528690065,0.0604
390,207,time,5,5,2.2651261752434566,0.2676
391,207,room,1,1,-0.0,1.0
392,208,time,5,5,2.2651261752434566,0.2676
393,209,time,24,24,4.532316549750595,0.062
394,209,room,1,1,-0.0,1.0
395,210,time,24,24,4.532316549750595,0.062
396,211,time,24,24,4.461410825367573,0.0756
397,211,room,1,1,-0.0,1.0
398,212,time,18,18,3.7232672594318883,0.1952
399,212,room,1,1,-0.0,1.0
400,213,time,25,25,4.587004973118473,0.0708
401,213,room,1,1,-0.0,1.0
402,214,time,25,25,4.585297775211199,0.068
403,214,room,1,1,-0.0,1.0
404,215,time,35,34,4.654623515394689,0.0756
405,215,room,6,6,2.533322688011745,0.2092
406,216,time,35,35,4.910211254272374,0.0656
407,216,room,6,6,2.5429826044647057,0.2084
408,217,time,31,31,4.874067449839626,0.064
409,217,room,2,2,0.9962572968375276,0.536
410,218,time,36,36,5.0883977154406255,0.0476
411,218,room,6,6,2.5463762603099367,0.204
412,219,time,36,36,5.098879768484366,0.0584
413,219,room,6,6,2.537056529762115,0.2072
414,220,time,36,36,5.090889217501135,0.0552
415,220,room,6,6,2.5354295353535834,0.2128
416,221,time,36,36,5.093405412574426,0.0464
417,221,room,6,6,2.5369973907024366,0.2192
418,222,time,45,45,5.4243501081871175,0.042
419,222,room,6,6,2.55320938571674,0.2124
420,223,time,42,42,4.431632649603909,0.1032
421,223,room,6,6,2.5606777750289824,0.2244
422,224,time,18,18,4.135982826117499,0.08
423,224,room,1,1,-0.0,1.0
424,225,time,18,18,4.111987740735883,0.0812
425,225,room,1,1,-0.0,1.0
426,226,time,18,18,4.113139644152601,0.0844
427,226,room,1,1,-0.0,1.0
428,227,time,16,16,3.9234409818610025,0.092
429,227,room,1,1,-0.0,1.0
430,228,time,16,16,3.9206662658096905,0.0908
431,228,room,1,1,-0.0,1.0
432,229,time,23,23,4.157932587326417,0.1724
433,229,room,1,1,-0.0,1.0
434,230,time,21,21,4.333328277529484,0.0744
435,230,room,1,1,-0.0,1.0
436,231,time,21,21,4.3250105069389555,0.0808
437,231,room,1,1,-0.0,1.0
438,232,time,15,15,3.8164545251456965,0.1308
439,232,room,1,1,-0.0,1.0
440,233,time,20,20,4.145046294283628,0.1096
441,233,room,1,1,-0.0,1.0
442,234,time,15,15,3.8897345326865973,0.09
443,234,room,1,1,-0.0,1.0
444,235,time,51,51,5.646805481597541,0.0264
445,236,time,56,56,5.792667081392958,0.026
446,237,time,19,19,4.056341083221117,0.1248
447,237,room,2,2,0.9820084283128552,0.5788
448,238,time,35,35,4.78524774020966,0.0744
449,238,room,6,6,2.5496716720863994,0.206
450,239,time,35,35,4.838903250314636,0.096
451,239,room,6,6,2.575513470250646,0.1896
452,240,time,10,10,3.270121915496162,0.1504
453,240,room,7,7,2.364982195126708,0.4144
454,241,time,10,10,3.2700825870270442,0.1432
455,241,room,7,7,2.4048441235330142,0.3796
456,242,time,5,5,1.9057823347637854,0.3744
457,242,room,2,2,0.9858150371789198,0.57
458,243,time,8,8,2.8087384958330617,0.256
459,243,room,6,6,2.4588460032681474,0.276
460,244,time,24,24,4.45985342787781,0.0816
461,244,room,2,2,0.932269191548067,0.652
462,245,time,9,9,3.1302752306162245,0.1476
463,245,room,1,1,-0.0,1.0
464,246,time,23,20,4.111644661602588,0.1104
465,246,room,1,1,-0.0,1.0
466,247,time,25,22,4.320349437868624,0.086
467,247,room,1,1,-0.0,1.0
468,248,time,25,23,4.323132148688893,0.1004
469,248,room,1,1,-0.0,1.0
470,249,time,34,34,4.879437051261592,0.0716
471,249,room,1,1,-0.0,1.0
472,250,time,28,28,4.4070973953179795,0.1388
473,250,room,1,1,-0.0,1.0
474,251,time,28,28,4.434475319308097,0.1288
475,251,room,1,1,-0.0,1.0
476,252,time,56,56,5.785102881763333,0.0256
477,253,time,56,56,5.790922430036759,0.0248
478,254,time,56,56,5.787694482547814,0.0256
479,255,time,56,56,5.785504406021521,0.0272
480,256,time,56,56,5.784671495240051,0.0252
481,257,time,24,24,4.370686732837747,0.0896
482,257,room,2,2,0.8870794793921137,0.6952
483,258,time,24,24,4.371553018748253,0.086
484,258,room,2,2,0.8880289538922781,0.6944
485,259,time,24,24,4.404704118744819,0.0844
486,259,room,2,2,0.9124554891374561,0.6724
487,260,time,20,20,4.076977978619601,0.1412
488,260,room,1,1,-0.0,1.0
489,261,time,20,20,4.062706788277896,0.15
490,261,room,1,1,-0.0,1.0
491,262,time,9,9,2.994822905910977,0.1948
492,262,room,5,5,2.2790671203246964,0.2308
493,263,time,22,22,3.9954183261845717,0.1124
494,263,room,6,6,2.539790188964318,0.2176
495,264,time,44,44,5.270301914795379,0.0576
496,264,room,6,6,2.5662025292796318,0.2004
497,265,time,18,18,3.9755115067770594,0.112
498,265,room,7,7,2.6237325852388644,0.316
499,266,time,6,6,2.581787415332144,0.1852
500,266,room,1,1,-0.0,1.0
501,267,time,6,6,2.5793380270692277,0.1864
502,267,room,1,1,-0.0,1.0
503,268,time,1,1,-0.0,1.0
504,268,room,1,1,-0.0,1.0
505,269,time,1,1,-0.0,1.0
506,269,room,1,1,-0.0,1.0
507,270,time,1,1,-0.0,1.0
508,270,room,1,1,-0.0,1.0
509,271,time,1,1,-0.0,1.0
510,271,room,1,1,-0.0,1.0
511,272,time,24,24,4.461983012839599,0.0812
512,272,room,2,2,0.9361932144779541,0.6476
513,273,time,27,26,4.085284640922381,0.1404
514,274,time,27,27,4.428758407456003,0.1116
515,274,room,7,7,2.622888848387198,0.3136
516,275,time,27,27,4.428083653493224,0.1044
517,275,room,7,7,2.6237659856609636,0.3156
518,276,time,26,26,3.9104408291549215,0.184
519,276,room,4,4,1.5792689704891216,0.44
520,277,time,26,26,4.457085902820227,0.0864
521,277,room,6,6,2.5173661982114544,0.22
522,278,time,26,26,4.453278984303581,0.0856
523,278,room,6,6,2.535228900256453,0.2168
524,279,time,35,35,4.953835728475396,0.0592
525,279,room,7,7,2.6559528345745638,0.2732
526,280,time,35,35,4.928909702876599,0.056
527,280,room,7,7,2.6680405203558104,0.2656
528,281,time,4,4,1.9921484076127642,0.2684
529,281,room,6,6,2.5218499966877124,0.21
530,282,time,24,24,4.419395592001905,0.0884
531,282,room,6,6,2.4968822291352857,0.2592
532,283,time,33,33,4.9307695932447215,0.0596
533,283,room,6,6,2.563644026962949,0.2088
534,284,time,4,4,1.9876100903071456,0.2932
535,284,room,7,7,2.7500073691915845,0.1648
536,285,time,7,7,2.776040567444405,0.19
537,285,room,7,7,2.7276709352759982,0.264
538,286,time,7,7,2.776040567444405,0.19
539,286,room,7,7,2.7276709352759982,0.264
540,287,time,36,36,4.9789481759233745,0.0688
541,287,room,2,2,0.9795438195294627,0.584
542,288,time,36,36,4.9803091585829655,0.0624
543,288,room,2,2,0.9767100281018614,0.5896
544,289,time,10,10,3.289152180891814,0.1368
545,289,room,2,2,0.9996878937015379,0.5104
546,290,time,10,10,3.2943721789975933,0.1504
547,290,room,6,6,2.5681901197964327,0.1876
548,291,time,10,10,3.292034183592546,0.158
549,291,room,6,6,2.5669487771393262,0.194
550,292,time,36,36,5.03444634206847,0.0512
551,292,room,4,4,1.9849251535084642,0.2876
552,293,time,10,10,3.2148478794707023,0.1848
553,293,room,4,4,1.9957694366992513,0.276
554,294,time,30,30,4.848927184350275,0.0536
555,294,room,2,2,0.9999995383375377,0.5004
556,295,time,30,30,4.839118778637333,0.066
557,295,room,6,6,2.5617646004002825,0.1968
558,296,time,30,30,4.836536281212544,0.0636
559,296,room,6,6,2.5668202637177138,0.1852
560,297,time,30,30,4.842216133362813,0.0608
561,297,room,6,6,2.5643438275733583,0.192
562,298,time,1,1,-0.0,1.0
563,298,room,1,1,-0.0,1.0
564,299,time,1,1,-0.0,1.0
565,300,time,1,1,-0.0,1.0
566,300,room,1,1,-0.0,1.0
567,301,time,1,1,-0.0,1.0
568,301,room,1,1,-0.0,1.0
569,302,time,1,1,-0.0,1.0
570,303,time,34,34,4.848889822535901,0.082
571,303,room,1,1,-0.0,1.0
572,304,time,30,30,4.849619662919087,0.0548
573,304,room,1,1,-0.0,1.0
574,305,time,51,51,5.444313240914864,0.0572
575,305,room,2,2,0.9994016027741941,0.5144
576,306,time,32,32,4.684990126011417,0.098
577,306,room,6,6,2.5612468993419633,0.2052
578,307,time,32,32,4.490678281641614,0.1108
579,307,room,6,6,2.5683932847953894,0.2064
580,308,time,21,21,4.280001898957676,0.0916
581,308,room,1,1,-0.0,1.0
582,309,time,42,42,5.380715622745403,0.03
583,310,time,42,42,5.377408626647558,0.0292
584,311,time,1,1,-0.0,1.0
585,312,time,1,1,-0.0,1.0
586,312,room,1,1,-0.0,1.0
587,313,time,24,24,4.0550769242225115,0.126
588,313,room,2,2,0.6622595460438849,0.828
589,314,time,28,28,4.620063988509067,0.1244
590,314,room,1,1,-0.0,1.0
591,315,time,34,34,4.5428636982560375,0.0908
592,315,room,2,2,0.6400203257213316,0.8376
593,316,time,1,1,-0.0,1.0
594,316,room,7,7,2.7416524372620015,0.2436
595,317,time,1,1,-0.0,1.0
596,317,room,7,7,2.7416524372620015,0.2436
597,318,time,32,32,4.903027289635208,0.062
598,318,room,1,1,-0.0,1.0
599,319,time,42,42,5.215580737705627,0.0704
600,319,room,1,1,-0.0,1.0
601,320,time,8,8,2.7732044955715565,0.2356
602,320,room,4,4,1.6702707367857774,0.4072
603,321,time,8,8,2.9280228074297696,0.2072
604,321,room,7,7,2.626222466698855,0.3044
605,322,time,8,8,2.9280228074297696,0.2072
606,322,room,7,7,2.626222466698855,0.3044
607,323,time,25,25,4.598171854967096,0.0588
608,323,room,1,1,-0.0,1.0
609,324,time,25,25,4.581914881266502,0.066
610,324,room,1,1,-0.0,1.0
611,325,time,25,25,4.584281911013962,0.0696
612,325,room,1,1,-0.0,1.0
613,326,time,1,1,-0.0,1.0
614,326,room,1,1,-0.0,1.0
615,327,time,1,1,-0.0,1.0
616,327,room,1,1,-0.0,1.0
617,328,time,1,1,-0.0,1.0
618,328,room,1,1,-0.0,1.0
619,329,time,1,1,-0.0,1.0
620,329,room,1,1,-0.0,1.0
621,330,time,1,1,-0.0,1.0
622,330,room,1,1,-0.0,1.0
623,331,time,1,1,-0.0,1.0
624,331,room,1,1,-0.0,1.0
625,332,time,53,52,4.966048260394855,0.0768
626,332,room,2,2,0.9968172664678188,0.5332
627,333,time,18,18,4.056985614819577,0.0792
628,333,room,1,1,-0.0,1.0
629,334,time,18,18,4.056985614819577,0.0792
630,335,time,18,18,4.0570228963563055,0.0832
631,335,room,1,1,-0.0,1.0
632,336,time,18,18,4.0570228963563055,0.0832
633,337,time,4,4,1.8845739951035312,0.3696
634,337,room,2,2,0.9993332567571122,0.5152
635,338,time,1,1,-0.0,1.0
636,338,room,1,1,-0.0,1.0
637,339,time,1,1,-0.0,1.0
638,339,room,1,1,-0.0,1.0
639,340,time,36,36,4.937574111934879,0.076
640,340,room,1,1,-0.0,1.0
641,341,time,28,28,4.602258405237783,0.0944
642,341,room,6,6,2.548392399328933,0.2132
643,342,time,33,33,4.889448968405261,0.0516
644,342,room,4,4,1.9262395914160448,0.318
645,343,time,33,33,4.889411022873165,0.0516
646,343,room,4,4,1.9262395914160448,0.318
647,344,time,6,6,2.4728259573258575,0.2512
648,344,room,4,4,1.918070505635697,0.3368
649,345,time,6,6,2.4811984074135416,0.2608
650,345,room,4,4,1.924414681057578,0.3392
651,346,time,24,24,4.4225203722272,0.0948
652,346,room,6,6,2.496311540949661,0.2548
653,347,time,24,24,4.429369990913857,0.0868
654,347,room,6,6,2.484090836271252,0.2664
655,348,time,24,24,4.417043476874069,0.0932
656,348,room,6,6,2.4738565397188004,0.2876
657,349,time,47,44,4.744485523477424,0.1052
658,349,room,4,4,1.9847052321472165,0.288
659,350,time,26,26,4.581068337945817,0.0752
660,350,room,2,2,0.832722637493494,0.736
661,351,time,26,26,4.572383897512685,0.0744
662,351,room,2,2,0.8403143428273834,0.7308
663,352,time,13,13,3.6630869668951793,0.106
664,352,room,6,6,2.548229964928741,0.2404
665,353,time,13,13,3.6734299069999765,0.0964
666,353,room,6,6,2.5434324564997586,0.2456
667,354,time,18,18,3.9298622604006055,0.1028
668,354,room,4,4,1.9700177561551218,0.3024
669,355,time,1,1,-0.0,1.0
670,355,room,1,1,-0.0,1.0
671,356,time,29,29,4.75188322612594,0.0716
672,356,room,6,6,2.492419455807488,0.2724
673,357,time,29,29,4.732530520393035,0.0672
674,357,room,6,6,2.485254236056343,0.2672
675,358,time,29,29,4.741995086565544,0.064
676,358,room,6,6,2.4863446259269812,0.274
677,359,time,32,32,4.894612335915337,0.0636
678,359,room,7,7,2.638087268734211,0.3048
679,360,time,24,24,4.49725497047928,0.0708
680,360,room,2,2,0.9910617461520753,0.5556
681,361,time,15,15,3.8409641263445664,0.1048
682,361,room,4,4,1.9778630475887047,0.2944
683,362,time,15,15,3.848858965792224,0.1008
684,362,room,4,4,1.9729364513499916,0.2932
685,363,time,2,2,0.918961058506293,0.666
686,363,room,7,7,2.6744361797473157,0.2756
687,364,time,2,2,0.9829137168206873,0.5768
688,364,room,7,7,2.6744361797473157,0.2756
689,365,time,29,29,4.430950823670263,0.1424
690,365,room,4,4,1.9644934685426618,0.2972
691,366,time,11,11,3.059160288558856,0.1984
692,366,room,4,4,1.9654624520971742,0.3076
693,367,time,19,19,4.191156839341298,0.0948
694,367,room,1,1,-0.0,1.0
695,368,time,19,19,4.24316999144182,0.0588
696,368,room,1,1,-0.0,1.0
697,369,time,19,19,4.1884568124349215,0.0848
698,369,room,1,1,-0.0,1.0
699,370,time,19,19,4.243002429519959,0.0616
700,370,room,1,1,-0.0,1.0
701,371,time,19,19,4.186691320244367,0.0808
702,371,room,1,1,-0.0,1.0
703,372,time,19,19,4.242284012953781,0.0644
704,372,room,1,1,-0.0,1.0
705,373,time,19,19,4.2389989571790965,0.0672
706,373,room,1,1,-0.0,1.0
707,374,time,19,19,4.2127002407537555,0.0876
708,374,room,1,1,-0.0,1.0
709,375,time,19,19,4.244336704622001,0.0612
710,375,room,1,1,-0.0,1.0
711,376,time,19,19,4.198853293014135,0.0784
712,376,room,1,1,-0.0,1.0
713,377,time,19,19,4.241374136756646,0.0604
714,377,room,1,1,-0.0,1.0
715,378,time,19,19,4.197648357980215,0.0772
716,378,room,1,1,-0.0,1.0
717,379,time,1,1,-0.0,1.0
718,379,room,1,1,-0.0,1.0
719,380,time,1,1,-0.0,1.0
720,380,room,1,1,-0.0,1.0
721,381,time,1,1,-0.0,1.0
722,381,room,1,1,-0.0,1.0
723,382,time,1,1,-0.0,1.0
724,382,room,1,1,-0.0,1.0
725,383,time,13,13,3.444433704193751,0.2004
726,383,room,1,1,-0.0,1.0
727,384,time,1,1,-0.0,1.0
728,384,room,1,1,-0.0,1.0
729,385,time,1,1,-0.0,1.0
730,385,room,1,1,-0.0,1.0
731,386,time,13,13,3.595377040088088,0.1516
732,386,room,1,1,-0.0,1.0
733,387,time,34,34,4.787376754832768,0.1284
734,387,room,1,1,-0.0,1.0
735,388,time,34,34,4.803334179478875,0.1312
736,388,room,1,1,-0.0,1.0
737,389,time,34,34,4.818018483180613,0.13
738,389,room,1,1,-0.0,1.0
739,390,time,1,1,-0.0,1.0
740,390,room,1,1,-0.0,1.0
741,391,time,1,1,-0.0,1.0
742,391,room,1,1,-0.0,1.0
743,392,time,1,1,-0.0,1.0
744,392,room,1,1,-0.0,1.0
745,393,time,1,1,-0.0,1.0
746,393,room,1,1,-0.0,1.0
747,394,time,22,22,4.433391852025558,0.0636
748,394,room,1,1,-0.0,1.0
749,395,time,22,22,4.431621207919242,0.064
750,395,room,1,1,-0.0,1.0
751,396,time,22,22,4.438696266430748,0.0596
752,396,room,1,1,-0.0,1.0
753,397,time,1,1,-0.0,1.0
754,397,room,1,1,-0.0,1.0
755,398,time,36,36,5.011236984747368,0.0624
756,398,room,6,6,2.5495600587887695,0.2244
757,399,time,36,36,5.039017970380845,0.0548
758,399,room,6,6,2.5458230479443458,0.224
759,400,time,36,36,5.0139290285613525,0.0632
760,400,room,6,6,2.5403515936642656,0.234
761,401,time,15,15,3.8840820511968426,0.0908
762,401,room,1,1,-0.0,1.0
763,402,time,14,14,3.5759196734679035,0.1868
764,402,room,2,2,0.5725985834788032,0.8644
765,403,time,14,14,3.6079206691030645,0.1756
766,403,room,2,2,0.5384897473960477,0.8768
767,404,time,14,14,3.6002648519407145,0.172
768,404,room,2,2,0.5441256504974136,0.8748
769,405,time,14,14,3.5978560674471742,0.1648
770,405,room,2,2,0.5768586277412998,0.8628
771,406,time,24,24,4.510099998642424,0.0652
772,406,room,1,1,-0.0,1.0
773,407,time,22,22,4.2711068815034725,0.1168
774,407,room,1,1,-0.0,1.0
775,408,time,3,3,1.5838304460817165,0.346
776,408,room,5,5,1.7618511168411042,0.5756
777,409,time,14,14,3.7783234203277876,0.0964
778,409,room,7,7,2.4367224450983564,0.3748
779,410,time,30,30,4.761514031899763,0.076
780,410,room,7,7,2.7602634440926326,0.2076
781,411,time,28,28,4.734122420967796,0.0812
782,411,room,7,7,2.701615487340178,0.2584
783,412,time,22,22,4.295366959670353,0.1072
784,412,room,1,1,-0.0,1.0
785,413,time,16,16,3.9568870972055494,0.0896
786,413,room,37,37,5.013302708704175,0.106
787,414,time,16,16,3.9568870972055494,0.0896
788,414,room,37,37,5.013302708704175,0.106
789,415,time,2,2,0.9979266039639296,0.5268
790,415,room,7,7,2.7345911699726533,0.2428
791,416,time,2,2,0.9979266039639296,0.5268
792,416,room,7,7,2.7177426508071876,0.2628
793,417,time,1,1,-0.0,1.0
794,417,room,1,1,-0.0,1.0
795,418,time,1,1,-0.0,1.0
796,418,room,1,1,-0.0,1.0
797,419,time,36,36,5.118909863467713,0.0476
798,419,room,7,7,2.7744144455870274,0.2044
799,420,time,44,44,4.988838583120723,0.1
800,420,room,2,2,0.9947079531564359,0.5428
801,421,time,18,18,4.097504538711932,0.076
802,421,room,7,7,2.627354176595363,0.3072
803,422,time,17,17,3.923054748932898,0.1136
804,422,room,7,7,2.605395954778337,0.3144
805,423,time,1,1,-0.0,1.0
806,424,time,45,45,5.399195823238914,0.0428
807,424,room,7,7,2.681834080408195,0.2528
808,425,time,45,45,5.399195823238914,0.0428
809,425,room,7,7,2.681834080408195,0.2528
810,426,time,1,1,-0.0,1.0
811,427,time,1,1,-0.0,1.0
812,428,time,1,1,-0.0,1.0
813,429,time,1,1,-0.0,1.0
814,430,time,1,1,-0.0,1.0
815,431,time,1,1,-0.0,1.0
816,432,time,1,1,-0.0,1.0
817,433,time,1,1,-0.0,1.0
818,433,room,1,1,-0.0,1.0
819,434,time,1,1,-0.0,1.0
820,434,room,1,1,-0.0,1.0
821,435,time,1,1,-0.0,1.0
822,435,room,1,1,-0.0,1.0
823,436,time,1,1,-0.0,1.0
824,437,time,1,1,-0.0,1.0
825,438,time,1,1,-0.0,1.0
826,439,time,1,1,-0.0,1.0
827,440,time,1,1,-0.0,1.0
828,441,time,1,1,-0.0,1.0
829,441,room,1,1,-0.0,1.0
830,442,time,1,1,-0.0,1.0
831,442,room,1,1,-0.0,1.0
832,443,time,1,1,-0.0,1.0
833,444,time,1,1,-0.0,1.0
834,445,time,1,1,-0.0,1.0
835,446,time,1,1,-0.0,1.0
836,447,time,1,1,-0.0,1.0
837,447,room,1,1,-0.0,1.0
838,448,time,1,1,-0.0,1.0
839,449,time,1,1,-0.0,1.0
840,450,time,1,1,-0.0,1.0
841,451,time,1,1,-0.0,1.0
842,452,time,1,1,-0.0,1.0
843,452,room,1,1,-0.0,1.0
844,453,time,1,1,-0.0,1.0
845,453,room,1,1,-0.0,1.0
846,454,time,1,1,-0.0,1.0
847,454,room,1,1,-0.0,1.0
848,455,time,1,1,-0.0,1.0
849,455,room,1,1,-0.0,1.0
850,456,time,1,1,-0.0,1.0
851,456,room,1,1,-0.0,1.0
852,457,time,1,1,-0.0,1.0
853,457,room,1,1,-0.0,1.0
854,458,time,14,14,3.557605775013239,0.1428
855,458,room,1,1,-0.0,1.0
856,459,time,1,1,-0.0,1.0
857,460,time,13,13,3.277755297582414,0.188
858,461,time,52,51,5.4127123738185245,0.0524
859,462,time,1,1,-0.0,1.0
860,463,time,4,4,1.7263946223412068,0.4712
861,464,time,26,26,4.671074950313338,0.0496
862,465,time,21,21,4.157174934497633,0.1324
863,466,time,48,48,5.483887417899337,0.0332
864,466,room,1,1,-0.0,1.0
865,467,time,48,48,5.493852394285329,0.0328
866,467,room,1,1,-0.0,1.0
867,468,time,34,34,4.945432667288204,0.0464
868,468,room,1,1,-0.0,1.0
869,469,time,72,72,6.144652986022915,0.02
870,469,room,1,1,-0.0,1.0
871,470,time,72,72,6.151101979482898,0.0192
872,470,room,1,1,-0.0,1.0
873,471,time,60,60,5.887477166811784,0.0232
874,471,room,1,1,-0.0,1.0
875,472,time,34,34,4.920933848130168,0.0584
876,472,room,6,6,2.4699040814846933,0.2964
877,473,time,34,34,4.913700565759536,0.0632
878,473,room,6,6,2.46849113062489,0.2956
879,474,time,34,34,4.925754479219489,0.0576
880,474,room,6,6,2.452940510932634,0.302
881,475,time,10,10,3.267497262604143,0.1484
882,475,room,7,7,2.3655783246802797,0.4076
883,476,time,10,10,3.280984015902508,0.142
884,476,room,7,7,2.3895073445285298,0.4016
885,477,time,84,84,6.365392550222447,0.0172
886,477,room,6,6,2.5755176516899523,0.1812
887,478,time,84,84,6.360657637484568,0.0196
888,478,room,6,6,2.5793396806952984,0.178
889,479,time,84,84,6.369763046527238,0.0172
890,479,room,6,6,2.577383685052185,0.1788
891,480,time,84,84,6.369549782833543,0.0168
892,480,room,6,6,2.578253347799256,0.1816
893,481,time,6,6,2.5834614794515667,0.176
894,481,room,1,1,-0.0,1.0
895,482,time,6,6,2.5830804672813876,0.184
896,482,room,1,1,-0.0,1.0
897,483,time,6,6,2.584322280496838,0.1728
898,483,room,1,1,-0.0,1.0
899,484,time,6,6,2.5826620867164842,0.1776
900,484,room,1,1,-0.0,1.0
901,485,time,84,84,6.367540662238161,0.0172
902,485,room,6,6,2.581629108750598,0.1752
903,486,time,90,90,6.4654229534551755,0.0168
904,486,room,6,6,2.583790512343315,0.1708
905,487,time,90,90,6.45830502188612,0.016
906,487,room,6,6,2.580152290978707,0.1824
907,488,time,4,4,1.9977809469664174,0.2704
908,488,room,1,1,-0.0,1.0
909,489,time,4,4,1.9976393819807723,0.2732
910,489,room,1,1,-0.0,1.0
911,490,time,6,6,2.57826663184903,0.1932
912,490,room,1,1,-0.0,1.0
913,491,time,1,1,-0.0,1.0
914,491,room,1,1,-0.0,1.0
915,492,time,1,1,-0.0,1.0
916,492,room,1,1,-0.0,1.0
917,493,time,1,1,-0.0,1.0
918,493,room,1,1,-0.0,1.0
919,494,time,18,18,3.9696904871089895,0.12
920,495,time,1,1,-0.0,1.0
921,496,time,1,1,-0.0,1.0
922,497,time,1,1,-0.0,1.0
923,498,time,1,1,-0.0,1.0
924,499,time,1,1,-0.0,1.0
925,500,time,1,1,-0.0,1.0
926,501,time,1,1,-0.0,1.0
927,502,time,1,1,-0.0,1.0
928,503,time,1,1,-0.0,1.0
929,503,room,1,1,-0.0,1.0
930,504,time,1,1,-0.0,1.0
931,505,time,1,1,-0.0,1.0
932,506,time,1,1,-0.0,1.0
933,506,room,1,1,-0.0,1.0
934,507,time,1,1,-0.0,1.0
935,508,time,1,1,-0.0,1.0
936,509,time,1,1,-0.0,1.0
937,510,time,1,1,-0.0,1.0
938,511,time,1,1,-0.0,1.0
939,512,time,1,1,-0.0,1.0
940,513,time,1,1,-0.0,1.0
941,514,time,1,1,-0.0,1.0
942,515,time,1,1,-0.0,1.0
943,516,time,1,1,-0.0,1.0
944,517,time,1,1,-0.0,1.0
945,518,time,1,1,-0.0,1.0
946,519,time,1,1,-0.0,1.0
947,520,time,1,1,-0.0,1.0
948,521,time,1,1,-0.0,1.0
949,522,time,1,1,-0.0,1.0
950,523,time,1,1,-0.0,1.0
951,524,time,1,1,-0.0,1.0
952,525,time,1,1,-0.0,1.0
953,526,time,1,1,-0.0,1.0
954,527,time,1,1,-0.0,1.0
955,528,time,1,1,-0.0,1.0
956,529,time,1,1,-0.0,1.0
957,530,time,1,1,-0.0,1.0
958,531,time,1,1,-0.0,1.0
959,532,time,1,1,-0.0,1.0
960,533,time,1,1,-0.0,1.0
961,534,time,1,1,-0.0,1.0
962,535,time,1,1,-0.0,1.0
963,536,time,1,1,-0.0,1.0
964,537,time,1,1,-0.0,1.0
965,538,time,1,1,-0.0,1.0
966,539,time,1,1,-0.0,1.0
967,540,time,1,1,-0.0,1.0
968,541,time,1,1,-0.0,1.0
969,542,time,1,1,-0.0,1.0
970,543,time,1,1,-0.0,1.0
971,544,time,1,1,-0.0,1.0
972,545,time,1,1,-0.0,1.0
973,546,time,1,1,-0.0,1.0
974,547,time,1,1,-0.0,1.0
975,548,time,1,1,-0.0,1.0
976,549,time,1,1,-0.0,1.0
977,550,time,1,1,-0.0,1.0
978,551,time,1,1,-0.0,1.0
979,552,time,1,1,-0.0,1.0
980,553,time,1,1,-0.0,1.0
981,554,time,1,1,-0.0,1.0
982,555,time,1,1,-0.0,1.0
983,556,time,1,1,-0.0,1.0
984,557,time,1,1,-0.0,1.0
985,558,time,1,1,-0.0,1.0
986,559,time,1,1,-0.0,1.0
987,560,time,1,1,-0.0,1.0
988,561,time,1,1,-0.0,1.0
