row,seed,df,split
0,1790793807699,1,train
1,1790793807773,1,test
2,1790793808132,1,validation
3,1790793808223,1,test
4,1790793808457,1,train
5,1790793808536,1,validation
6,1790793808553,1,train
7,1790793808594,1,train
8,1790793808817,1,train
9,1790793809794,1,train
10,1790793809804,1,train
11,1790793810065,1,train
12,1790793807599,2,train
13,1790793807600,2,train
14,1790793807601,2,test
15,1790793807602,2,validation
16,1790793807603,2,train
17,1790793807604,2,test
18,1790793807605,2,train
19,1790793807606,2,train
20,1790793807607,2,train
21,1790793807608,2,train
22,1790793807610,2,validation
23,1790793807611,2,train
24,1790793807612,2,validation
25,1790793807615,2,train
26,1790793807616,2,train
27,1790793807617,2,test
28,1790793807618,2,train
29,1790793807619,2,train
30,1790793807621,2,test
31,1790793807622,2,train
32,1790793807623,2,train
33,1790793807624,2,train
34,1790793807625,2,train
35,1790793807626,2,train
36,1790793807627,2,validation
37,1790793807630,2,validation
38,1790793807632,2,test
39,1790793807634,2,train
40,1790793807635,2,test
41,1790793807636,2,train
42,1790793807637,2,validation
43,1790793807639,2,train
44,1790793807640,2,test
45,1790793807642,2,test
46,1790793807643,2,validation
47,1790793807644,2,test
48,1790793807648,2,train
49,1790793807649,2,train
50,1790793807651,2,train
51,1790793807652,2,validation
52,1790793807655,2,train
53,1790793807656,2,train
54,1790793807658,2,train
55,1790793807660,2,train
56,1790793807662,2,validation
57,1790793807664,2,train
58,1790793807665,2,test
59,1790793807666,2,validation
60,1790793807667,2,train
61,1790793807668,2,validation
62,1790793807669,2,train
63,1790793807670,2,train
64,1790793807672,2,test
65,1790793807673,2,train
66,1790793807674,2,test
67,1790793807675,2,train
68,1790793807676,2,train
69,1790793807677,2,train
70,1790793807678,2,train
71,1790793807679,2,validation
72,1790793807680,2,train
73,1790793807681,2,test
74,1790793807682,2,train
75,1790793807684,2,train
76,1790793807685,2,test
77,1790793807686,2,validation
78,1790793807687,2,validation
79,1790793807688,2,train
80,1790793807689,2,validation
81,1790793807690,2,train
82,1790793807692,2,train
83,1790793807694,2,train
84,1790793807695,2,test
85,1790793807698,2,train
86,1790793807700,2,train
87,1790793807701,2,test
88,1790793807702,2,test
89,1790793807703,2,train
90,1790793807704,2,train
91,1790793807705,2,train
92,1790793807706,2,train
93,1790793807707,2,train
94,1790793807708,2,train
95,1790793807710,2,validation
96,1790793807711,2,train
97,1790793807712,2,test
98,1790793807713,2,train
99,1790793807714,2,test
100,1790793807715,2,train
101,1790793807717,2,train
102,1790793807718,2,train
103,1790793807719,2,train
104,1790793807720,2,train
105,1790793807722,2,train
106,1790793807723,2,validation
107,1790793807724,2,test
108,1790793807726,2,test
109,1790793807729,2,train
110,1790793807731,2,test
111,1790793807732,2,validation
112,1790793807733,2,train
113,1790793807734,2,validation
114,1790793807735,2,train
115,1790793807736,2,test
116,1790793807737,2,train
117,1790793807738,2,train
118,1790793807739,2,train
119,1790793807740,2,test
120,1790793807742,2,validation
121,1790793807744,2,train
122,1790793807745,2,train
123,1790793807746,2,train
124,1790793807747,2,train
125,1790793807748,2,test
126,1790793807749,2,train
127,1790793807750,2,validation
128,1790793807751,2,train
129,1790793807752,2,train
130,1790793807754,2,train
131,1790793807755,2,train
132,1790793807756,2,train
133,1790793807757,2,train
134,1790793807758,2,train
135,1790793807759,2,train
136,1790793807761,2,train
137,1790793807762,2,train
138,1790793807763,2,train
139,1790793807764,2,train
140,1790793807765,2,train
141,1790793807766,2,train
142,1790793807767,2,train
143,1790793807770,2,train
144,1790793807771,2,train
145,1790793807772,2,train
146,1790793807775,2,train
147,1790793807776,2,train
148,1790793807778,2,train
149,1790793807779,2,validation
150,1790793807780,2,train
151,1790793807781,2,test
152,1790793807783,2,train
153,1790793807784,2,train
154,1790793807785,2,test
155,1790793807787,2,validation
156,1790793807788,2,train
157,1790793807789,2,train
158,1790793807790,2,train
159,1790793807791,2,test
160,1790793807792,2,train
161,1790793807793,2,train
162,1790793807794,2,validation
163,1790793807795,2,validation
164,1790793807796,2,train
165,1790793807797,2,validation
166,1790793807798,2,train
167,1790793807799,2,train
168,1790793807800,2,train
169,1790793807801,2,validation
170,1790793807802,2,train
171,1790793807803,2,train
172,1790793807804,2,train
173,1790793807805,2,train
174,1790793807806,2,train
175,1790793807807,2,test
176,1790793807811,2,train
177,1790793807812,2,validation
178,1790793807813,2,train
179,1790793807814,2,train
180,1790793807817,2,validation
181,1790793807818,2,test
182,1790793807820,2,train
183,1790793807821,2,test
184,1790793807823,2,test
185,1790793807824,2,train
186,1790793807825,2,train
187,1790793807826,2,train
188,1790793807827,2,train
189,1790793807828,2,test
190,1790793807829,2,test
191,1790793807830,2,train
192,1790793807831,2,train
193,1790793807832,2,train
194,1790793807833,2,train
195,1790793807834,2,validation
196,1790793807835,2,train
197,1790793807836,2,train
198,1790793807837,2,train
199,1790793807840,2,test
200,1790793807841,2,test
201,1790793807842,2,train
202,1790793807843,2,validation
203,1790793807844,2,validation
204,1790793807845,2,validation
205,1790793807846,2,train
206,1790793807848,2,validation
207,1790793807849,2,train
208,1790793807851,2,train
209,1790793807852,2,train
210,1790793807853,2,train
211,1790793807854,2,train
212,1790793807856,2,train
213,1790793807857,2,train
214,1790793807858,2,train
215,1790793807859,2,train
216,1790793807860,2,validation
217,1790793807861,2,test
218,1790793807862,2,validation
219,1790793807863,2,test
220,1790793807864,2,train
221,1790793807865,2,validation
222,1790793807868,2,train
223,1790793807869,2,test
224,1790793807870,2,validation
225,1790793807871,2,validation
226,1790793807872,2,train
227,1790793807873,2,train
228,1790793807874,2,train
229,1790793807875,2,train
230,1790793807876,2,train
231,1790793807877,2,train
232,1790793807878,2,train
233,1790793807879,2,train
234,1790793807880,2,train
235,1790793807881,2,train
236,1790793807882,2,train
237,1790793807884,2,train
238,1790793807885,2,train
239,1790793807886,2,train
240,1790793807888,2,train
241,1790793807889,2,train
242,1790793807890,2,train
243,1790793807891,2,validation
244,1790793807894,2,test
245,1790793807895,2,train
246,1790793807896,2,train
247,1790793807898,2,test
248,1790793807899,2,validation
249,1790793807900,2,train
250,1790793807901,2,train
251,1790793807902,2,validation
252,1790793807903,2,train
253,1790793807904,2,train
254,1790793807905,2,train
255,1790793807911,2,train
256,1790793807912,2,train
257,1790793807913,2,train
258,1790793807914,2,train
259,1790793807915,2,train
260,1790793807916,2,train
261,1790793807919,2,train
262,1790793807920,2,train
263,1790793807921,2,train
264,1790793807922,2,validation
265,1790793807923,2,train
266,1790793807925,2,test
267,1790793807928,2,train
268,1790793807929,2,test
269,1790793807930,2,train
270,1790793807931,2,train
271,1790793807932,2,test
272,1790793807933,2,train
273,1790793807934,2,train
274,1790793807935,2,train
275,1790793807936,2,test
276,1790793807937,2,test
277,1790793807938,2,train
278,1790793807939,2,test
279,1790793807941,2,train
280,1790793807942,2,train
281,1790793807943,2,train
282,1790793807945,2,validation
283,1790793807946,2,validation
284,1790793807948,2,train
285,1790793807949,2,train
286,1790793807950,2,train
287,1790793807952,2,train
288,1790793807953,2,validation
289,1790793807954,2,validation
290,1790793807956,2,train
291,1790793807957,2,train
292,1790793807958,2,train
293,1790793807959,2,validation
294,1790793807960,2,train
295,1790793807961,2,validation
296,1790793807963,2,train
297,1790793807964,2,validation
298,1790793807966,2,train
299,1790793807967,2,train
300,1790793807968,2,train
301,1790793807969,2,validation
302,1790793807970,2,test
303,1790793807972,2,train
304,1790793807973,2,train
305,1790793807974,2,train
306,1790793807975,2,train
307,1790793807977,2,train
308,1790793807978,2,train
309,1790793807979,2,test
310,1790793807980,2,validation
311,1790793807981,2,test
312,1790793807982,2,train
313,1790793807983,2,validation
314,1790793807984,2,train
315,1790793807985,2,train
316,1790793807986,2,train
317,1790793807987,2,train
318,1790793807988,2,train
319,1790793807989,2,train
320,1790793807990,2,train
321,1790793807991,2,validation
322,1790793807993,2,test
323,1790793807997,2,test
324,1790793807998,2,train
325,1790793807999,2,validation
326,1790793808000,2,test
327,1790793808001,2,test
328,1790793808002,2,train
329,1790793808003,2,test
330,1790793808004,2,train
331,1790793808005,2,train
332,1790793808007,2,train
333,1790793808009,2,train
334,1790793808010,2,train
335,1790793808011,2,validation
336,1790793808012,2,train
337,1790793808013,2,train
338,1790793808014,2,train
339,1790793808015,2,train
340,1790793808016,2,test
341,1790793808017,2,train
342,1790793808018,2,train
343,1790793808019,2,validation
344,1790793808020,2,train
345,1790793808021,2,train
346,1790793808023,2,validation
347,1790793808026,2,validation
348,1790793808027,2,train
349,1790793808029,2,test
350,1790793808031,2,train
351,1790793808032,2,train
352,1790793808033,2,train
353,1790793808034,2,train
354,1790793808035,2,train
355,1790793808037,2,train
356,1790793808038,2,train
357,1790793808039,2,validation
358,1790793808043,2,validation
359,1790793808044,2,validation
360,1790793808045,2,train
361,1790793808046,2,test
362,1790793808048,2,test
363,1790793808049,2,validation
364,1790793808050,2,train
365,1790793808051,2,train
366,1790793808053,2,train
367,1790793808055,2,train
368,1790793808056,2,train
369,1790793808058,2,train
370,1790793808059,2,train
371,1790793808060,2,validation
372,1790793808061,2,train
373,1790793808062,2,train
374,1790793808063,2,train
375,1790793808065,2,train
376,1790793808066,2,train
377,1790793808067,2,train
378,1790793808069,2,test
379,1790793808070,2,test
380,1790793808071,2,train
381,1790793808072,2,train
382,1790793808073,2,train
383,1790793808074,2,train
384,1790793808075,2,train
385,1790793808077,2,train
386,1790793808079,2,train
387,1790793808080,2,train
388,1790793808081,2,train
389,1790793808082,2,test
390,1790793808083,2,train
391,1790793808084,2,train
392,1790793808085,2,train
393,1790793808086,2,train
394,1790793808088,2,validation
395,1790793808089,2,test
396,1790793808090,2,train
397,1790793808092,2,test
398,1790793808094,2,train
399,1790793808096,2,train
400,1790793808097,2,train
401,1790793808098,2,train
402,1790793808099,2,train
403,1790793808100,2,train
404,1790793808101,2,train
405,1790793808102,2,train
406,1790793808103,2,train
407,1790793808104,2,validation
408,1790793808106,2,train
409,1790793808107,2,train
410,1790793808108,2,train
411,1790793808109,2,train
412,1790793808110,2,validation
413,1790793808111,2,train
414,1790793808112,2,train
415,1790793808113,2,train
416,1790793808114,2,train
417,1790793808115,2,train
418,1790793808117,2,train
419,1790793808118,2,validation
420,1790793808119,2,train
421,1790793808120,2,validation
422,1790793808121,2,validation
423,1790793808122,2,train
424,1790793808123,2,train
425,1790793808124,2,validation
426,1790793808125,2,validation
427,1790793808126,2,train
428,1790793808127,2,train
429,1790793808130,2,test
430,1790793808131,2,train
431,1790793808133,2,train
432,1790793808134,2,train
433,1790793808135,2,train
434,1790793808136,2,test
435,1790793808137,2,train
436,1790793808138,2,test
437,1790793808139,2,train
438,1790793808140,2,train
439,1790793808141,2,train
440,1790793808142,2,test
441,1790793808143,2,train
442,1790793808144,2,validation
443,1790793808145,2,train
444,1790793808146,2,train
445,1790793808147,2,train
446,1790793808148,2,test
447,1790793808149,2,train
448,1790793808150,2,train
449,1790793808151,2,train
450,1790793808153,2,train
451,1790793808154,2,train
452,1790793808157,2,train
453,1790793808158,2,train
454,1790793808159,2,train
455,1790793808160,2,train
456,1790793808162,2,train
457,1790793808163,2,validation
458,1790793808164,2,train
459,1790793808165,2,train
460,1790793808167,2,validation
461,1790793808168,2,train
462,1790793808169,2,train
463,1790793808170,2,train
464,1790793808171,2,train
465,1790793808173,2,test
466,1790793808174,2,validation
467,1790793808175,2,train
468,1790793808176,2,train
469,1790793808177,2,train
470,1790793808178,2,train
471,1790793808179,2,train
472,1790793808181,2,train
473,1790793808182,2,train
474,1790793808183,2,test
475,1790793808184,2,train
476,1790793808185,2,train
477,1790793808186,2,train
478,1790793808187,2,validation
479,1790793808188,2,train
480,1790793808189,2,validation
481,1790793808190,2,train
482,1790793808191,2,train
483,1790793808192,2,train
484,1790793808193,2,test
485,1790793808194,2,train
486,1790793808197,2,train
487,1790793808198,2,train
488,1790793808199,2,train
489,1790793808201,2,train
490,1790793808202,2,train
491,1790793808203,2,train
492,1790793808204,2,train
493,1790793808205,2,train
494,1790793808206,2,test
495,1790793808207,2,validation
496,1790793808208,2,train
497,1790793808209,2,train
498,1790793808210,2,test
499,1790793808211,2,train
500,1790793808212,2,train
501,1790793808214,2,train
502,1790793808216,2,train
503,1790793808217,2,train
504,1790793808218,2,train
505,1790793808219,2,train
506,1790793808220,2,train
507,1790793808221,2,train
508,1790793808222,2,train
509,1790793808224,2,validation
510,1790793808225,2,train
511,1790793808226,2,test
512,1790793808228,2,train
513,1790793808229,2,train
514,1790793808230,2,train
515,1790793808231,2,train
516,1790793808232,2,validation
517,1790793808233,2,test
518,1790793808235,2,validation
519,1790793808238,2,train
520,1790793808239,2,train
521,1790793808240,2,train
522,1790793808242,2,validation
523,1790793808243,2,train
524,1790793808244,2,train
525,1790793808245,2,train
526,1790793808246,2,train
527,1790793808248,2,train
528,1790793808249,2,train
529,1790793808250,2,test
530,1790793808251,2,train
531,1790793808252,2,train
532,1790793808253,2,train
533,1790793808254,2,validation
534,1790793808255,2,train
535,1790793808256,2,train
536,1790793808257,2,train
537,1790793808258,2,train
538,1790793808259,2,validation
539,1790793808260,2,train
540,1790793808261,2,train
541,1790793808262,2,train
542,1790793808264,2,train
543,1790793808265,2,train
544,1790793808266,2,test
545,1790793808267,2,train
546,1790793808270,2,train
547,1790793808271,2,test
548,1790793808272,2,train
549,1790793808273,2,train
550,1790793808277,2,train
551,1790793808278,2,train
552,1790793808279,2,train
553,1790793808280,2,train
554,1790793808281,2,test
555,1790793808282,2,train
556,1790793808283,2,validation
557,1790793808285,2,validation
558,1790793808286,2,train
559,1790793808287,2,train
560,1790793808288,2,test
561,1790793808289,2,train
562,1790793808290,2,validation
563,1790793808291,2,train
564,1790793808293,2,train
565,1790793808294,2,train
566,1790793808295,2,train
567,1790793808296,2,train
568,1790793808297,2,test
569,1790793808298,2,validation
570,1790793808299,2,train
571,1790793808300,2,train
572,1790793808301,2,train
573,1790793808303,2,train
574,1790793808304,2,train
575,1790793808305,2,train
576,1790793808306,2,validation
577,1790793808309,2,train
578,1790793808310,2,test
579,1790793808311,2,train
580,1790793808312,2,train
581,1790793808313,2,train
582,1790793808314,2,test
583,1790793808315,2,validation
584,1790793808316,2,train
585,1790793808317,2,validation
586,1790793808319,2,train
587,1790793808320,2,train
588,1790793808322,2,test
589,1790793808323,2,train
590,1790793808324,2,train
591,1790793808325,2,train
592,1790793808326,2,validation
593,1790793808328,2,train
594,1790793808329,2,train
595,1790793808330,2,validation
596,1790793808331,2,train
597,1790793808332,2,train
598,1790793808333,2,test
599,1790793808334,2,train
600,1790793808335,2,train
601,1790793808338,2,train
602,1790793808339,2,train
603,1790793808340,2,train
604,1790793808341,2,train
605,1790793808343,2,train
606,1790793808345,2,train
607,1790793808346,2,train
608,1790793808348,2,train
609,1790793808349,2,train
610,1790793808350,2,train
611,1790793808351,2,train
612,1790793808353,2,train
613,1790793808354,2,validation
614,1790793808355,2,validation
615,1790793808356,2,train
616,1790793808358,2,train
617,1790793808359,2,train
618,1790793808360,2,validation
619,1790793808361,2,train
620,1790793808364,2,train
621,1790793808365,2,train
622,1790793808367,2,train
623,1790793808368,2,train
624,1790793808370,2,train
625,1790793808371,2,test
626,1790793808372,2,train
627,1790793808373,2,train
628,1790793808374,2,train
629,1790793808376,2,validation
630,1790793808378,2,train
631,1790793808379,2,train
632,1790793808380,2,train
633,1790793808381,2,validation
634,1790793808382,2,train
635,1790793808384,2,test
636,1790793808386,2,train
637,1790793808387,2,train
638,1790793808388,2,test
639,1790793808390,2,train
640,1790793808391,2,train
641,1790793808392,2,train
642,1790793808393,2,train
643,1790793808394,2,train
644,1790793808395,2,validation
645,1790793808396,2,train
646,1790793808397,2,train
647,1790793808399,2,validation
648,1790793808400,2,train
649,1790793808401,2,train
650,1790793808402,2,train
651,1790793808403,2,test
652,1790793808404,2,train
653,1790793808405,2,test
654,1790793808406,2,test
655,1790793808408,2,validation
656,1790793808409,2,test
657,1790793808411,2,train
658,1790793808412,2,train
659,1790793808413,2,test
660,1790793808415,2,validation
661,1790793808416,2,test
662,1790793808417,2,test
663,1790793808418,2,train
664,1790793808420,2,train
665,1790793808422,2,train
666,1790793808423,2,train
667,1790793808424,2,train
668,1790793808428,2,validation
669,1790793808429,2,train
670,1790793808430,2,train
671,1790793808431,2,validation
672,1790793808432,2,train
673,1790793808434,2,validation
674,1790793808436,2,train
675,1790793808438,2,train
676,1790793808439,2,train
677,1790793808440,2,train
678,1790793808441,2,train
679,1790793808442,2,test
680,1790793808443,2,train
681,1790793808445,2,validation
682,1790793808446,2,validation
683,1790793808447,2,train
684,1790793808448,2,train
685,1790793808449,2,train
686,1790793808450,2,train
687,1790793808451,2,train
688,1790793808452,2,train
689,1790793808453,2,train
690,1790793808454,2,train
691,1790793808456,2,train
692,1790793808458,2,train
693,1790793808459,2,test
694,1790793808460,2,train
695,1790793808461,2,train
696,1790793808463,2,train
697,1790793808464,2,test
698,1790793808466,2,validation
699,1790793808467,2,test
700,1790793808469,2,train
701,1790793808470,2,validation
702,1790793808471,2,train
703,1790793808472,2,train
704,1790793808473,2,test
705,1790793808475,2,train
706,1790793808476,2,train
707,1790793808477,2,train
708,1790793808478,2,train
709,1790793808479,2,test
710,1790793808480,2,train
711,1790793808482,2,train
712,1790793808483,2,train
713,1790793808484,2,test
714,1790793808485,2,train
715,1790793808486,2,train
716,1790793808487,2,train
717,1790793808488,2,train
718,1790793808489,2,validation
719,1790793808490,2,test
720,1790793808494,2,train
721,1790793808495,2,train
722,1790793808496,2,train
723,1790793808497,2,test
724,1790793808498,2,train
725,1790793808499,2,train
726,1790793808500,2,train
727,1790793808501,2,train
728,1790793808502,2,validation
729,1790793808503,2,test
730,1790793808504,2,train
731,1790793808505,2,train
732,1790793808506,2,test
733,1790793808507,2,test
734,1790793808509,2,validation
735,1790793808510,2,train
736,1790793808511,2,train
737,1790793808513,2,validation
738,1790793808514,2,train
739,1790793808515,2,train
740,1790793808519,2,train
741,1790793808520,2,train
742,1790793808521,2,train
743,1790793808522,2,train
744,1790793808523,2,train
745,1790793808524,2,validation
746,1790793808526,2,train
747,1790793808527,2,train
748,1790793808530,2,train
749,1790793808531,2,validation
750,1790793808533,2,train
751,1790793808534,2,train
752,1790793808535,2,train
753,1790793808537,2,test
754,1790793808538,2,test
755,1790793808539,2,train
756,1790793808540,2,train
757,1790793808541,2,validation
758,1790793808542,2,train
759,1790793808543,2,train
760,1790793808544,2,test
761,1790793808545,2,train
762,1790793808546,2,train
763,1790793808547,2,validation
764,1790793808548,2,test
765,1790793808549,2,test
766,1790793808551,2,train
767,1790793808552,2,train
768,1790793808554,2,test
769,1790793808556,2,validation
770,1790793808557,2,train
771,1790793808558,2,validation
772,1790793808561,2,train
773,1790793808562,2,train
774,1790793808563,2,train
775,1790793808564,2,train
776,1790793808565,2,train
777,1790793808566,2,train
778,1790793808567,2,train
779,1790793808568,2,validation
780,1790793808569,2,train
781,1790793808570,2,test
782,1790793808571,2,validation
783,1790793808572,2,train
784,1790793808573,2,train
785,1790793808574,2,train
786,1790793808576,2,train
787,1790793808577,2,train
788,1790793808578,2,train
789,1790793808579,2,test
790,1790793808580,2,train
791,1790793808582,2,train
792,1790793808583,2,train
793,1790793808584,2,train
794,1790793808585,2,train
795,1790793808586,2,train
796,1790793808587,2,validation
797,1790793808588,2,train
798,1790793808589,2,train
799,1790793808590,2,train
800,1790793808591,2,train
801,1790793808592,2,train
802,1790793808596,2,train
803,1790793808597,2,train
804,1790793808598,2,train
805,1790793808600,2,train
806,1790793808601,2,train
807,1790793808602,2,test
808,1790793808603,2,validation
809,1790793808604,2,train
810,1790793808605,2,validation
811,1790793808606,2,train
812,1790793808607,2,train
813,1790793808608,2,train
814,1790793808609,2,train
815,1790793808610,2,train
816,1790793808611,2,train
817,1790793808612,2,train
818,1790793808613,2,train
819,1790793808614,2,validation
820,1790793808615,2,train
821,1790793808616,2,train
822,1790793808618,2,test
823,1790793808620,2,train
824,1790793808621,2,train
825,1790793808623,2,train
826,1790793808625,2,train
827,1790793808626,2,train
828,1790793808627,2,train
829,1790793808628,2,train
830,1790793808629,2,validation
831,1790793808630,2,train
832,1790793808632,2,train
833,1790793808633,2,test
834,1790793808634,2,train
835,1790793808635,2,train
836,1790793808637,2,test
837,1790793808638,2,train
838,1790793808639,2,train
839,1790793808640,2,train
840,1790793808641,2,train
841,1790793808642,2,train
842,1790793808644,2,validation
843,1790793808645,2,train
844,1790793808647,2,validation
845,1790793808648,2,validation
846,1790793808649,2,train
847,1790793808650,2,validation
848,1790793808651,2,validation
849,1790793808652,2,test
850,1790793808653,2,train
851,1790793808654,2,train
852,1790793808659,2,train
853,1790793808660,2,train
854,1790793808661,2,train
855,1790793808662,2,train
856,1790793808663,2,train
857,1790793808664,2,train
858,1790793808665,2,train
859,1790793808666,2,validation
860,1790793808667,2,train
861,1790793808668,2,train
862,1790793808669,2,train
863,1790793808670,2,train
864,1790793808671,2,test
865,1790793808672,2,train
866,1790793808675,2,train
867,1790793808676,2,test
868,1790793808677,2,train
869,1790793808678,2,train
870,1790793808680,2,train
871,1790793808681,2,test
872,1790793808682,2,train
873,1790793808683,2,train
874,1790793808684,2,validation
875,1790793808685,2,train
876,1790793808686,2,train
877,1790793808687,2,train
878,1790793808688,2,test
879,1790793808689,2,train
880,1790793808690,2,train
881,1790793808691,2,train
882,1790793808692,2,train
883,1790793808694,2,train
884,1790793808696,2,train
885,1790793808698,2,train
886,1790793808699,2,train
887,1790793808701,2,test
888,1790793808703,2,train
889,1790793808707,2,train
890,1790793808709,2,train
891,1790793808712,2,train
892,1790793808713,2,train
893,1790793808714,2,train
894,1790793808715,2,train
895,1790793808717,2,train
896,1790793808718,2,validation
897,1790793808719,2,test
898,1790793808721,2,train
899,1790793808722,2,train
900,1790793808723,2,train
901,1790793808724,2,train
902,1790793808725,2,train
903,1790793808726,2,train
904,1790793808727,2,test
905,1790793808728,2,validation
906,1790793808730,2,test
907,1790793808731,2,train
908,1790793808732,2,train
909,1790793808733,2,validation
910,1790793808735,2,train
911,1790793808736,2,train
912,1790793808737,2,train
913,1790793808739,2,train
914,1790793808740,2,test
915,1790793808742,2,train
916,1790793808743,2,train
917,1790793808744,2,train
918,1790793808745,2,train
919,1790793808746,2,train
920,1790793808747,2,train
921,1790793808748,2,validation
922,1790793808751,2,train
923,1790793808752,2,test
924,1790793808754,2,train
925,1790793808755,2,validation
926,1790793808756,2,train
927,1790793808757,2,train
928,1790793808759,2,train
929,1790793808762,2,train
930,1790793808764,2,train
931,1790793808765,2,validation
932,1790793808768,2,test
933,1790793808769,2,train
934,1790793808770,2,train
935,1790793808771,2,validation
936,1790793808772,2,train
937,1790793808773,2,train
938,1790793808774,2,test
939,1790793808775,2,train
940,1790793808776,2,train
941,1790793808777,2,train
942,1790793808779,2,test
943,1790793808780,2,train
944,1790793808781,2,test
945,1790793808783,2,train
946,1790793808785,2,test
947,1790793808786,2,train
948,1790793808787,2,train
949,1790793808788,2,train
950,1790793808789,2,train
951,1790793808790,2,train
952,1790793808791,2,test
953,1790793808792,2,train
954,1790793808793,2,train
955,1790793808794,2,validation
956,1790793808795,2,validation
957,1790793808796,2,train
958,1790793808797,2,train
959,1790793808800,2,train
960,1790793808801,2,train
961,1790793808803,2,test
962,1790793808804,2,train
963,1790793808805,2,validation
964,1790793808806,2,test
965,1790793808807,2,train
966,1790793808810,2,train
967,1790793808811,2,train
968,1790793808812,2,train
969,1790793808813,2,train
970,1790793808814,2,test
971,1790793808815,2,train
972,1790793808816,2,test
973,1790793808818,2,train
974,1790793808820,2,validation
975,1790793808821,2,train
976,1790793808822,2,train
977,1790793808823,2,test
978,1790793808824,2,train
979,1790793808825,2,train
980,1790793808826,2,train
981,1790793808827,2,train
982,1790793808828,2,train
983,1790793808829,2,test
984,1790793808830,2,train
985,1790793808831,2,train
986,1790793808832,2,train
987,1790793808833,2,train
988,1790793808834,2,train
989,1790793808836,2,train
990,1790793808838,2,test
991,1790793808840,2,train
992,1790793808841,2,train
993,1790793808842,2,test
994,1790793808843,2,train
995,1790793808844,2,validation
996,1790793808845,2,train
997,1790793808846,2,train
998,1790793808847,2,train
999,1790793808848,2,train
1000,1790793808849,2,train
1001,1790793808850,2,train
1002,1790793808851,2,train
1003,1790793808852,2,train
1004,1790793808853,2,train
1005,1790793808855,2,train
1006,1790793808857,2,train
1007,1790793808858,2,train
1008,1790793808859,2,train
1009,1790793808865,2,train
1010,1790793808866,2,train
1011,1790793808867,2,train
1012,1790793808868,2,train
1013,1790793808870,2,test
1014,1790793808872,2,test
1015,1790793808873,2,train
1016,1790793808874,2,train
1017,1790793808875,2,train
1018,1790793808876,2,train
1019,1790793808877,2,test
1020,1790793808878,2,train
1021,1790793808879,2,validation
1022,1790793808880,2,train
1023,1790793808881,2,validation
1024,1790793808883,2,train
1025,1790793808884,2,train
1026,1790793808885,2,train
1027,1790793808887,2,train
1028,1790793808888,2,validation
1029,1790793808889,2,validation
1030,1790793808890,2,validation
1031,1790793808891,2,train
1032,1790793808892,2,train
1033,1790793808893,2,test
1034,1790793808894,2,train
1035,1790793808895,2,train
1036,1790793808896,2,train
1037,1790793808897,2,train
1038,1790793808898,2,train
1039,1790793808899,2,validation
1040,1790793808901,2,test
1041,1790793808902,2,validation
1042,1790793808905,2,train
1043,1790793808906,2,train
1044,1790793808907,2,train
1045,1790793808908,2,test
1046,1790793808910,2,train
1047,1790793808911,2,validation
1048,1790793808912,2,train
1049,1790793808914,2,train
1050,1790793808915,2,train
1051,1790793808916,2,train
1052,1790793808917,2,train
1053,1790793808918,2,train
1054,1790793808919,2,validation
1055,1790793808920,2,train
1056,1790793808921,2,train
1057,1790793808922,2,test
1058,1790793808923,2,train
1059,1790793808924,2,train
1060,1790793808927,2,train
1061,1790793808928,2,train
1062,1790793808929,2,train
1063,1790793808930,2,validation
1064,1790793808931,2,train
1065,1790793808932,2,train
1066,1790793808933,2,train
1067,1790793808934,2,train
1068,1790793808935,2,train
1069,1790793808936,2,train
1070,1790793808937,2,test
1071,1790793808938,2,test
1072,1790793808941,2,test
1073,1790793808942,2,train
1074,1790793808943,2,train
1075,1790793808944,2,train
1076,1790793808945,2,validation
1077,1790793808947,2,train
1078,1790793808948,2,test
1079,1790793808949,2,test
1080,1790793808952,2,train
1081,1790793808953,2,train
1082,1790793808954,2,train
1083,1790793808955,2,validation
1084,1790793808956,2,train
1085,1790793808959,2,train
1086,1790793808960,2,train
1087,1790793808961,2,test
1088,1790793808962,2,validation
1089,1790793808963,2,train
1090,1790793808964,2,test
1091,1790793808965,2,test
1092,1790793808966,2,test
1093,1790793808967,2,train
1094,1790793808970,2,test
1095,1790793808971,2,validation
1096,1790793808972,2,train
1097,1790793808973,2,test
1098,1790793808974,2,test
1099,1790793808975,2,train
1100,1790793808977,2,train
1101,1790793808978,2,train
1102,1790793808979,2,train
1103,1790793808981,2,train
1104,1790793808982,2,test
1105,1790793808983,2,train
1106,1790793808984,2,train
1107,1790793808985,2,train
1108,1790793808986,2,train
1109,1790793808987,2,train
1110,1790793808988,2,train
1111,1790793808989,2,validation
1112,1790793808990,2,train
1113,1790793808991,2,train
1114,1790793808992,2,train
1115,1790793808993,2,test
1116,1790793808994,2,validation
1117,1790793808995,2,train
1118,1790793808996,2,train
1119,1790793808998,2,train
1120,1790793808999,2,train
1121,1790793809002,2,train
1122,1790793809003,2,train
1123,1790793809004,2,validation
1124,1790793809005,2,train
1125,1790793809006,2,train
1126,1790793809008,2,validation
1127,1790793809009,2,train
1128,1790793809010,2,train
1129,1790793809011,2,train
1130,1790793809012,2,train
1131,1790793809013,2,train
1132,1790793809015,2,test
1133,1790793809016,2,train
1134,1790793809017,2,validation
1135,1790793809018,2,train
1136,1790793809019,2,train
1137,1790793809022,2,train
1138,1790793809023,2,train
1139,1790793809024,2,train
1140,1790793809025,2,test
1141,1790793809026,2,train
1142,1790793809027,2,train
1143,1790793809028,2,validation
1144,1790793809029,2,train
1145,1790793809030,2,train
1146,1790793809031,2,train
1147,1790793809033,2,test
1148,1790793809034,2,train
1149,1790793809035,2,train
1150,1790793809036,2,train
1151,1790793809037,2,train
1152,1790793809038,2,validation
1153,1790793809039,2,train
1154,1790793809040,2,test
1155,1790793809041,2,test
1156,1790793809042,2,validation
1157,1790793809044,2,train
1158,1790793809046,2,train
1159,1790793809047,2,train
1160,1790793809049,2,train
1161,1790793809050,2,validation
1162,1790793809051,2,train
1163,1790793809053,2,train
1164,1790793809054,2,test
1165,1790793809055,2,validation
1166,1790793809056,2,train
1167,1790793809057,2,train
1168,1790793809058,2,train
1169,1790793809059,2,train
1170,1790793809060,2,train
1171,1790793809063,2,train
1172,1790793809064,2,train
1173,1790793809065,2,test
1174,1790793809066,2,train
1175,1790793809067,2,train
1176,1790793809068,2,test
1177,1790793809069,2,train
1178,1790793809070,2,train
1179,1790793809071,2,train
1180,1790793809072,2,train
1181,1790793809073,2,test
1182,1790793809074,2,train
1183,1790793809075,2,train
1184,1790793809076,2,train
1185,1790793809077,2,train
1186,1790793809078,2,train
1187,1790793809079,2,train
1188,1790793809080,2,train
1189,1790793809082,2,train
1190,1790793809083,2,test
1191,1790793809084,2,train
1192,1790793809086,2,validation
1193,1790793809087,2,train
1194,1790793809089,2,train
1195,1790793809091,2,train
1196,1790793809092,2,train
1197,1790793809093,2,train
1198,1790793809094,2,validation
1199,1790793809095,2,train
1200,1790793809096,2,validation
1201,1790793809097,2,validation
1202,1790793809098,2,train
1203,1790793809099,2,train
1204,1790793809101,2,train
1205,1790793809102,2,test
1206,1790793809103,2,test
1207,1790793809104,2,train
1208,1790793809106,2,validation
1209,1790793809107,2,train
1210,1790793809108,2,train
1211,1790793809109,2,train
1212,1790793809110,2,test
1213,1790793809111,2,train
1214,1790793809113,2,train
1215,1790793809114,2,train
1216,1790793809116,2,train
1217,1790793809117,2,train
1218,1790793809118,2,train
1219,1790793809120,2,test
1220,1790793809121,2,train
1221,1790793809122,2,train
1222,1790793809123,2,train
1223,1790793809124,2,train
1224,1790793809128,2,train
1225,1790793809129,2,train
1226,1790793809131,2,test
1227,1790793809132,2,test
1228,1790793809134,2,train
1229,1790793809135,2,train
1230,1790793809136,2,validation
1231,1790793809138,2,train
1232,1790793809140,2,train
1233,1790793809141,2,train
1234,1790793809142,2,validation
1235,1790793809143,2,test
1236,1790793809144,2,validation
1237,1790793809145,2,train
1238,1790793809146,2,validation
1239,1790793809147,2,train
1240,1790793809148,2,train
1241,1790793809150,2,validation
1242,1790793809151,2,test
1243,1790793809152,2,test
1244,1790793809153,2,train
1245,1790793809154,2,test
1246,1790793809155,2,train
1247,1790793809157,2,train
1248,1790793809158,2,validation
1249,1790793809159,2,train
1250,1790793809160,2,train
1251,1790793809161,2,train
1252,1790793809162,2,train
1253,1790793809163,2,train
1254,1790793809164,2,train
1255,1790793809166,2,train
1256,1790793809168,2,test
1257,1790793809169,2,train
1258,1790793809170,2,validation
1259,1790793809171,2,validation
1260,1790793809172,2,train
1261,1790793809174,2,train
1262,1790793809175,2,test
1263,1790793809176,2,train
1264,1790793809177,2,train
1265,1790793809179,2,train
1266,1790793809180,2,test
1267,1790793809181,2,train
1268,1790793809182,2,train
1269,1790793809183,2,train
1270,1790793809185,2,train
1271,1790793809188,2,validation
1272,1790793809189,2,train
1273,1790793809190,2,train
1274,1790793809191,2,train
1275,1790793809192,2,train
1276,1790793809196,2,train
1277,1790793809197,2,validation
1278,1790793809199,2,train
1279,1790793809200,2,train
1280,1790793809201,2,test
1281,1790793809202,2,test
1282,1790793809203,2,test
1283,1790793809204,2,train
1284,1790793809205,2,validation
1285,1790793809206,2,validation
1286,1790793809207,2,train
1287,1790793809209,2,train
1288,1790793809212,2,train
1289,1790793809213,2,train
1290,1790793809214,2,test
1291,1790793809215,2,train
1292,1790793809216,2,train
1293,1790793809217,2,test
1294,1790793809218,2,validation
1295,1790793809220,2,train
1296,1790793809221,2,test
1297,1790793809222,2,train
1298,1790793809223,2,test
1299,1790793809224,2,train
1300,1790793809225,2,test
1301,1790793809226,2,train
1302,1790793809227,2,train
1303,1790793809228,2,train
1304,1790793809229,2,train
1305,1790793809230,2,train
1306,1790793809231,2,train
1307,1790793809232,2,validation
1308,1790793809233,2,validation
1309,1790793809234,2,train
1310,1790793809235,2,train
1311,1790793809236,2,train
1312,1790793809237,2,test
1313,1790793809238,2,train
1314,1790793809239,2,validation
1315,1790793809241,2,validation
1316,1790793809243,2,test
1317,1790793809244,2,train
1318,1790793809245,2,validation
1319,1790793809246,2,validation
1320,1790793809247,2,validation
1321,1790793809248,2,validation
1322,1790793809249,2,train
1323,1790793809250,2,validation
1324,1790793809251,2,train
1325,1790793809252,2,train
1326,1790793809253,2,train
1327,1790793809254,2,train
1328,1790793809255,2,train
1329,1790793809256,2,train
1330,1790793809257,2,train
1331,1790793809258,2,train
1332,1790793809259,2,train
1333,1790793809263,2,train
1334,1790793809264,2,train
1335,1790793809266,2,validation
1336,1790793809267,2,train
1337,1790793809268,2,train
1338,1790793809269,2,train
1339,1790793809270,2,train
1340,1790793809271,2,train
1341,1790793809273,2,test
1342,1790793809274,2,validation
1343,1790793809275,2,train
1344,1790793809277,2,train
1345,1790793809278,2,train
1346,1790793809279,2,test
1347,1790793809280,2,test
1348,1790793809281,2,train
1349,1790793809282,2,train
1350,1790793809283,2,train
1351,1790793809284,2,validation
1352,1790793809285,2,train
1353,1790793809286,2,train
1354,1790793809287,2,test
1355,1790793809288,2,train
1356,1790793809289,2,train
1357,1790793809290,2,train
1358,1790793809291,2,test
1359,1790793809292,2,train
1360,1790793809293,2,train
1361,1790793809294,2,validation
1362,1790793809295,2,validation
1363,1790793809296,2,test
1364,1790793809297,2,validation
1365,1790793809298,2,train
1366,1790793809299,2,test
1367,1790793809300,2,train
1368,1790793809303,2,train
1369,1790793809305,2,test
1370,1790793809306,2,train
1371,1790793809308,2,train
1372,1790793809310,2,train
1373,1790793809311,2,train
1374,1790793809312,2,validation
1375,1790793809314,2,train
1376,1790793809315,2,train
1377,1790793809316,2,test
1378,1790793809317,2,train
1379,1790793809319,2,train
1380,1790793809320,2,train
1381,1790793809321,2,train
1382,1790793809322,2,train
1383,1790793809323,2,test
1384,1790793809324,2,train
1385,1790793809325,2,train
1386,1790793809327,2,train
1387,1790793809328,2,train
1388,1790793809329,2,train
1389,1790793809333,2,train
1390,1790793809334,2,train
1391,1790793809335,2,test
1392,1790793809336,2,train
1393,1790793809338,2,train
1394,1790793809339,2,train
1395,1790793809340,2,test
1396,1790793809341,2,train
1397,1790793809342,2,test
1398,1790793809343,2,train
1399,1790793809344,2,train
1400,1790793809346,2,test
1401,1790793809347,2,validation
1402,1790793809348,2,train
1403,1790793809349,2,train
1404,1790793809350,2,train
1405,1790793809351,2,test
1406,1790793809353,2,train
1407,1790793809354,2,train
1408,1790793809355,2,train
1409,1790793809356,2,train
1410,1790793809358,2,validation
1411,1790793809359,2,train
1412,1790793809360,2,test
1413,1790793809361,2,train
1414,1790793809363,2,train
1415,1790793809364,2,train
1416,1790793809365,2,train
1417,1790793809366,2,train
1418,1790793809367,2,validation
1419,1790793809368,2,train
1420,1790793809369,2,train
1421,1790793809370,2,validation
1422,1790793809372,2,train
1423,1790793809373,2,train
1424,1790793809374,2,test
1425,1790793809375,2,test
1426,1790793809376,2,validation
1427,1790793809377,2,train
1428,1790793809380,2,train
1429,1790793809381,2,validation
1430,1790793809382,2,train
1431,1790793809383,2,test
1432,1790793809384,2,train
1433,1790793809385,2,test
1434,1790793809386,2,train
1435,1790793809387,2,test
1436,1790793809388,2,train
1437,1790793809390,2,train
1438,1790793809391,2,train
1439,1790793809392,2,test
1440,1790793809393,2,validation
1441,1790793809394,2,train
1442,1790793809395,2,validation
1443,1790793809396,2,train
1444,1790793809398,2,test
1445,1790793809399,2,train
1446,1790793809400,2,validation
1447,1790793809401,2,train
1448,1790793809402,2,train
1449,1790793809403,2,train
1450,1790793809404,2,validation
1451,1790793809406,2,validation
1452,1790793809407,2,train
1453,1790793809408,2,train
1454,1790793809410,2,train
1455,1790793809413,2,test
1456,1790793809415,2,train
1457,1790793809416,2,test
1458,1790793809417,2,validation
1459,1790793809420,2,train
1460,1790793809421,2,train
1461,1790793809422,2,train
1462,1790793809423,2,train
1463,1790793809424,2,train
1464,1790793809425,2,test
1465,1790793809426,2,test
1466,1790793809427,2,test
1467,1790793809428,2,test
1468,1790793809429,2,test
1469,1790793809430,2,validation
1470,1790793809431,2,train
1471,1790793809432,2,validation
1472,1790793809433,2,train
1473,1790793809434,2,test
1474,1790793809435,2,train
1475,1790793809436,2,test
1476,1790793809438,2,validation
1477,1790793809439,2,validation
1478,1790793809443,2,train
1479,1790793809444,2,train
1480,1790793809445,2,train
1481,1790793809446,2,train
1482,1790793809448,2,validation
1483,1790793809449,2,validation
1484,1790793809450,2,train
1485,1790793809452,2,train
1486,1790793809454,2,train
1487,1790793809456,2,train
1488,1790793809457,2,train
1489,1790793809458,2,validation
1490,1790793809459,2,train
1491,1790793809460,2,train
1492,1790793809463,2,validation
1493,1790793809465,2,train
1494,1790793809466,2,train
1495,1790793809467,2,validation
1496,1790793809468,2,train
1497,1790793809469,2,test
1498,1790793809470,2,train
1499,1790793809471,2,train
1500,1790793809472,2,validation
1501,1790793809474,2,train
1502,1790793809476,2,train
1503,1790793809477,2,train
1504,1790793809478,2,train
1505,1790793809479,2,train
1506,1790793809480,2,validation
1507,1790793809481,2,train
1508,1790793809482,2,train
1509,1790793809483,2,test
1510,1790793809484,2,train
1511,1790793809485,2,train
1512,1790793809486,2,train
1513,1790793809489,2,test
1514,1790793809490,2,train
1515,1790793809491,2,train
1516,1790793809492,2,validation
1517,1790793809493,2,validation
1518,1790793809496,2,validation
1519,1790793809497,2,test
1520,1790793809499,2,train
1521,1790793809500,2,test
1522,1790793809501,2,train
1523,1790793809502,2,test
1524,1790793809503,2,test
1525,1790793809504,2,train
1526,1790793809506,2,train
1527,1790793809507,2,train
1528,1790793809508,2,train
1529,1790793809509,2,train
1530,1790793809510,2,train
1531,1790793809511,2,train
1532,1790793809512,2,train
1533,1790793809513,2,train
1534,1790793809514,2,train
1535,1790793809515,2,train
1536,1790793809516,2,train
1537,1790793809517,2,train
1538,1790793809518,2,train
1539,1790793809519,2,train
1540,1790793809522,2,train
1541,1790793809523,2,train
1542,1790793809525,2,validation
1543,1790793809526,2,train
1544,1790793809528,2,validation
1545,1790793809530,2,test
1546,1790793809532,2,train
1547,1790793809533,2,train
1548,1790793809535,2,validation
1549,1790793809536,2,validation
1550,1790793809537,2,test
1551,1790793809538,2,train
1552,1790793809540,2,train
1553,1790793809541,2,train
1554,1790793809542,2,test
1555,1790793809544,2,train
1556,1790793809545,2,train
1557,1790793809546,2,test
1558,1790793809547,2,train
1559,1790793809550,2,train
1560,1790793809551,2,test
1561,1790793809552,2,validation
1562,1790793809553,2,train
1563,1790793809555,2,train
1564,1790793809557,2,train
1565,1790793809558,2,train
1566,1790793809559,2,train
1567,1790793809560,2,test
1568,1790793809561,2,validation
1569,1790793809562,2,train
1570,1790793809564,2,validation
1571,1790793809565,2,test
1572,1790793809566,2,train
1573,1790793809567,2,train
1574,1790793809568,2,test
1575,1790793809569,2,train
1576,1790793809570,2,train
1577,1790793809571,2,train
1578,1790793809572,2,train
1579,1790793809573,2,test
1580,1790793809574,2,train
1581,1790793809575,2,train
1582,1790793809576,2,test
1583,1790793809579,2,train
1584,1790793809580,2,train
1585,1790793809582,2,train
1586,1790793809583,2,test
1587,1790793809584,2,train
1588,1790793809585,2,train
1589,1790793809586,2,train
1590,1790793809587,2,train
1591,1790793809588,2,train
1592,1790793809590,2,test
1593,1790793809591,2,train
1594,1790793809592,2,train
1595,1790793809593,2,validation
1596,1790793809594,2,test
1597,1790793809595,2,validation
1598,1790793809596,2,test
1599,1790793809597,2,train
1600,1790793809598,2,train
1601,1790793809600,2,train
1602,1790793809601,2,train
1603,1790793809602,2,train
1604,1790793809603,2,train
1605,1790793809604,2,test
1606,1790793809605,2,train
1607,1790793809606,2,validation
1608,1790793809607,2,test
1609,1790793809608,2,train
1610,1790793809610,2,train
1611,1790793809611,2,train
1612,1790793809612,2,train
1613,1790793809613,2,train
1614,1790793809614,2,train
1615,1790793809615,2,train
1616,1790793809616,2,train
1617,1790793809617,2,train
1618,1790793809619,2,train
1619,1790793809620,2,train
1620,1790793809621,2,train
1621,1790793809623,2,test
1622,1790793809624,2,train
1623,1790793809625,2,test
1624,1790793809626,2,train
1625,1790793809627,2,test
1626,1790793809628,2,train
1627,1790793809630,2,train
1628,1790793809631,2,validation
1629,1790793809632,2,test
1630,1790793809633,2,train
1631,1790793809634,2,test
1632,1790793809635,2,train
1633,1790793809636,2,train
1634,1790793809637,2,validation
1635,1790793809638,2,train
1636,1790793809639,2,validation
1637,1790793809640,2,validation
1638,1790793809641,2,train
1639,1790793809642,2,train
1640,1790793809643,2,validation
1641,1790793809644,2,test
1642,1790793809646,2,test
1643,1790793809647,2,train
1644,1790793809648,2,train
1645,1790793809651,2,train
1646,1790793809652,2,train
1647,1790793809656,2,train
1648,1790793809657,2,train
1649,1790793809659,2,train
1650,1790793809660,2,train
1651,1790793809661,2,train
1652,1790793809662,2,train
1653,1790793809663,2,train
1654,1790793809664,2,train
1655,1790793809665,2,train
1656,1790793809667,2,train
1657,1790793809668,2,test
1658,1790793809669,2,test
1659,1790793809670,2,train
1660,1790793809671,2,test
1661,1790793809672,2,train
1662,1790793809673,2,train
1663,1790793809674,2,train
1664,1790793809675,2,train
1665,1790793809676,2,test
1666,1790793809677,2,train
1667,1790793809678,2,train
1668,1790793809679,2,train
1669,1790793809680,2,train
1670,1790793809681,2,test
1671,1790793809682,2,test
1672,1790793809683,2,validation
1673,1790793809684,2,train
1674,1790793809685,2,train
1675,1790793809686,2,train
1676,1790793809687,2,train
1677,1790793809689,2,train
1678,1790793809690,2,validation
1679,1790793809691,2,train
1680,1790793809692,2,train
1681,1790793809693,2,validation
1682,1790793809694,2,train
1683,1790793809696,2,train
1684,1790793809697,2,test
1685,1790793809698,2,train
1686,1790793809699,2,train
1687,1790793809700,2,train
1688,1790793809702,2,test
1689,1790793809703,2,validation
1690,1790793809704,2,train
1691,1790793809705,2,test
1692,1790793809706,2,train
1693,1790793809707,2,train
1694,1790793809708,2,train
1695,1790793809709,2,train
1696,1790793809711,2,train
1697,1790793809713,2,train
1698,1790793809714,2,train
1699,1790793809715,2,train
1700,1790793809716,2,train
1701,1790793809717,2,validation
1702,1790793809719,2,validation
1703,1790793809720,2,train
1704,1790793809721,2,train
1705,1790793809722,2,train
1706,1790793809723,2,train
1707,1790793809725,2,train
1708,1790793809726,2,train
1709,1790793809727,2,train
1710,1790793809728,2,train
1711,1790793809730,2,train
1712,1790793809732,2,train
1713,1790793809733,2,train
1714,1790793809734,2,validation
1715,1790793809735,2,train
1716,1790793809737,2,train
1717,1790793809738,2,train
1718,1790793809739,2,train
1719,1790793809740,2,train
1720,1790793809741,2,test
1721,1790793809742,2,train
1722,1790793809743,2,train
1723,1790793809744,2,train
1724,1790793809745,2,train
1725,1790793809746,2,train
1726,1790793809747,2,train
1727,1790793809748,2,validation
1728,1790793809749,2,train
1729,1790793809750,2,train
1730,1790793809751,2,train
1731,1790793809753,2,test
1732,1790793809754,2,validation
1733,1790793809755,2,train
1734,1790793809756,2,train
1735,1790793809757,2,train
1736,1790793809759,2,validation
1737,1790793809760,2,train
1738,1790793809761,2,train
1739,1790793809762,2,validation
1740,1790793809764,2,validation
1741,1790793809765,2,train
1742,1790793809766,2,train
1743,1790793809767,2,validation
1744,1790793809769,2,train
1745,1790793809770,2,train
1746,1790793809771,2,train
1747,1790793809773,2,train
1748,1790793809774,2,validation
1749,1790793809775,2,train
1750,1790793809776,2,train
1751,1790793809777,2,train
1752,1790793809778,2,train
1753,1790793809779,2,validation
1754,1790793809780,2,train
1755,1790793809781,2,train
1756,1790793809783,2,train
1757,1790793809784,2,validation
1758,1790793809788,2,train
1759,1790793809790,2,validation
1760,1790793809791,2,train
1761,1790793809793,2,train
1762,1790793809795,2,train
1763,1790793809796,2,validation
1764,1790793809797,2,train
1765,1790793809800,2,test
1766,1790793809801,2,test
1767,1790793809803,2,train
1768,1790793809806,2,train
1769,1790793809811,2,validation
1770,1790793809812,2,train
1771,1790793809813,2,train
1772,1790793809814,2,test
1773,1790793809816,2,train
1774,1790793809818,2,train
1775,1790793809820,2,train
1776,1790793809821,2,test
1777,1790793809822,2,train
1778,1790793809823,2,train
1779,1790793809825,2,train
1780,1790793809827,2,train
1781,1790793809828,2,train
1782,1790793809829,2,validation
1783,1790793809830,2,test
1784,1790793809831,2,train
1785,1790793809834,2,train
1786,1790793809835,2,train
1787,1790793809836,2,train
1788,1790793809837,2,train
1789,1790793809838,2,train
1790,1790793809839,2,validation
1791,1790793809840,2,train
1792,1790793809841,2,validation
1793,1790793809842,2,train
1794,1790793809844,2,train
1795,1790793809846,2,train
1796,1790793809847,2,train
1797,1790793809848,2,train
1798,1790793809849,2,train
1799,1790793809850,2,train
1800,1790793809851,2,train
1801,1790793809855,2,validation
1802,1790793809856,2,validation
1803,1790793809858,2,train
1804,1790793809860,2,test
1805,1790793809862,2,train
1806,1790793809863,2,train
1807,1790793809864,2,validation
1808,1790793809865,2,train
1809,1790793809866,2,train
1810,1790793809867,2,train
1811,1790793809868,2,validation
1812,1790793809869,2,test
1813,1790793809871,2,train
1814,1790793809872,2,train
1815,1790793809873,2,validation
1816,1790793809874,2,train
1817,1790793809875,2,train
1818,1790793809877,2,train
1819,1790793809878,2,train
1820,1790793809880,2,validation
1821,1790793809881,2,train
1822,1790793809882,2,train
1823,1790793809883,2,train
1824,1790793809884,2,train
1825,1790793809885,2,validation
1826,1790793809886,2,train
1827,1790793809887,2,train
1828,1790793809888,2,test
1829,1790793809889,2,train
1830,1790793809890,2,train
1831,1790793809891,2,train
1832,1790793809892,2,train
1833,1790793809893,2,validation
1834,1790793809894,2,train
1835,1790793809895,2,train
1836,1790793809896,2,train
1837,1790793809898,2,train
1838,1790793809899,2,train
1839,1790793809900,2,train
1840,1790793809901,2,test
1841,1790793809903,2,train
1842,1790793809905,2,train
1843,1790793809910,2,train
1844,1790793809911,2,test
1845,1790793809912,2,train
1846,1790793809913,2,train
1847,1790793809914,2,validation
1848,1790793809916,2,train
1849,1790793809917,2,train
1850,1790793809918,2,test
1851,1790793809919,2,validation
1852,1790793809920,2,validation
1853,1790793809923,2,validation
1854,1790793809924,2,train
1855,1790793809925,2,train
1856,1790793809926,2,train
1857,1790793809927,2,train
1858,1790793809928,2,train
1859,1790793809929,2,train
1860,1790793809930,2,test
1861,1790793809931,2,train
1862,1790793809932,2,validation
1863,1790793809933,2,train
1864,1790793809934,2,train
1865,1790793809935,2,validation
1866,1790793809937,2,validation
1867,1790793809938,2,train
1868,1790793809939,2,train
1869,1790793809940,2,train
1870,1790793809942,2,validation
1871,1790793809943,2,test
1872,1790793809944,2,train
1873,1790793809945,2,test
1874,1790793809948,2,train
1875,1790793809949,2,train
1876,1790793809950,2,train
1877,1790793809951,2,train
1878,1790793809952,2,validation
1879,1790793809953,2,train
1880,1790793809954,2,validation
1881,1790793809955,2,test
1882,1790793809956,2,validation
1883,1790793809957,2,train
1884,1790793809958,2,train
1885,1790793809959,2,train
1886,1790793809960,2,train
1887,1790793809961,2,train
1888,1790793809962,2,train
1889,1790793809963,2,train
1890,1790793809967,2,train
1891,1790793809969,2,train
1892,1790793809970,2,test
1893,1790793809972,2,train
1894,1790793809973,2,validation
1895,1790793809974,2,train
1896,1790793809976,2,train
1897,1790793809978,2,validation
1898,1790793809980,2,test
1899,1790793809981,2,validation
1900,1790793809983,2,train
1901,1790793809984,2,validation
1902,1790793809985,2,train
1903,1790793809986,2,train
1904,1790793809987,2,train
1905,1790793809988,2,train
1906,1790793809990,2,train
1907,1790793809992,2,train
1908,1790793809993,2,train
1909,1790793809994,2,train
1910,1790793809995,2,train
1911,1790793809997,2,train
1912,1790793809998,2,train
1913,1790793809999,2,train
1914,1790793810000,2,test
1915,1790793810001,2,train
1916,1790793810002,2,train
1917,1790793810003,2,train
1918,1790793810004,2,train
1919,1790793810007,2,train
1920,1790793810008,2,test
1921,1790793810009,2,validation
1922,1790793810010,2,train
1923,1790793810011,2,train
1924,1790793810014,2,test
1925,1790793810015,2,train
1926,1790793810017,2,train
1927,1790793810018,2,train
1928,1790793810019,2,validation
1929,1790793810020,2,validation
1930,1790793810022,2,train
1931,1790793810023,2,train
1932,1790793810024,2,test
1933,1790793810025,2,validation
1934,1790793810026,2,validation
1935,1790793810027,2,train
1936,1790793810028,2,train
1937,1790793810029,2,train
1938,1790793810030,2,train
1939,1790793810031,2,train
1940,1790793810032,2,train
1941,1790793810033,2,train
1942,1790793810034,2,train
1943,1790793810038,2,train
1944,1790793810039,2,train
1945,1790793810040,2,train
1946,1790793810041,2,train
1947,1790793810042,2,test
1948,1790793810043,2,train
1949,1790793810044,2,train
1950,1790793810046,2,train
1951,1790793810047,2,train
1952,1790793810048,2,train
1953,1790793810050,2,validation
1954,1790793810051,2,train
1955,1790793810052,2,test
1956,1790793810054,2,train
1957,1790793810055,2,train
1958,1790793810056,2,train
1959,1790793810057,2,train
1960,1790793810058,2,test
1961,1790793810060,2,train
1962,1790793810061,2,train
1963,1790793810062,2,train
1964,1790793810063,2,train
1965,1790793810064,2,train
1966,1790793810066,2,train
1967,1790793810067,2,validation
1968,1790793810068,2,train
1969,1790793810069,2,train
1970,1790793810070,2,train
1971,1790793810071,2,train
1972,1790793810072,2,train
1973,1790793810073,2,train
1974,1790793810074,2,validation
1975,1790793810075,2,train
1976,1790793810076,2,test
1977,1790793810077,2,train
1978,1790793810078,2,train
1979,1790793810079,2,train
1980,1790793810080,2,train
1981,1790793810081,2,train
1982,1790793810082,2,train
1983,1790793810083,2,train
1984,1790793810084,2,train
1985,1790793810085,2,train
1986,1790793810086,2,train
1987,1790793810087,2,train
1988,1790793810088,2,train
1989,1790793810089,2,train
1990,1790793810090,2,train
1991,1790793810091,2,train
1992,1790793810093,2,train
1993,1790793810094,2,train
1994,1790793810095,2,train
1995,1790793810096,2,test
1996,1790793810097,2,train
1997,1790793807598,3,validation
1998,1790793807609,3,train
1999,1790793807613,3,test
2000,1790793807614,3,train
2001,1790793807620,3,test
2002,1790793807628,3,train
2003,1790793807633,3,train
2004,1790793807645,3,train
2005,1790793807646,3,train
2006,1790793807647,3,train
2007,1790793807650,3,train
2008,1790793807653,3,train
2009,1790793807654,3,train
2010,1790793807657,3,train
2011,1790793807659,3,train
2012,1790793807661,3,train
2013,1790793807663,3,test
2014,1790793807671,3,train
2015,1790793807683,3,test
2016,1790793807691,3,train
2017,1790793807696,3,test
2018,1790793807697,3,train
2019,1790793807709,3,train
2020,1790793807716,3,test
2021,1790793807725,3,train
2022,1790793807728,3,test
2023,1790793807730,3,train
2024,1790793807741,3,validation
2025,1790793807743,3,test
2026,1790793807753,3,test
2027,1790793807769,3,test
2028,1790793807774,3,test
2029,1790793807782,3,train
2030,1790793807808,3,train
2031,1790793807815,3,train
2032,1790793807819,3,test
2033,1790793807822,3,train
2034,1790793807838,3,train
2035,1790793807847,3,train
2036,1790793807850,3,train
2037,1790793807855,3,train
2038,1790793807866,3,train
2039,1790793807867,3,train
2040,1790793807883,3,train
2041,1790793807892,3,test
2042,1790793807897,3,train
2043,1790793807906,3,validation
2044,1790793807907,3,train
2045,1790793807909,3,train
2046,1790793807910,3,train
2047,1790793807917,3,train
2048,1790793807918,3,train
2049,1790793807924,3,train
2050,1790793807927,3,train
2051,1790793807951,3,train
2052,1790793807955,3,train
2053,1790793807962,3,test
2054,1790793807992,3,validation
2055,1790793807994,3,train
2056,1790793807995,3,train
2057,1790793808006,3,train
2058,1790793808008,3,validation
2059,1790793808022,3,train
2060,1790793808024,3,validation
2061,1790793808030,3,validation
2062,1790793808040,3,train
2063,1790793808041,3,train
2064,1790793808052,3,train
2065,1790793808054,3,train
2066,1790793808068,3,train
2067,1790793808076,3,train
2068,1790793808087,3,train
2069,1790793808091,3,train
2070,1790793808093,3,train
2071,1790793808095,3,train
2072,1790793808129,3,test
2073,1790793808152,3,train
2074,1790793808156,3,train
2075,1790793808161,3,train
2076,1790793808166,3,train
2077,1790793808172,3,validation
2078,1790793808180,3,train
2079,1790793808195,3,train
2080,1790793808196,3,validation
2081,1790793808200,3,train
2082,1790793808213,3,train
2083,1790793808215,3,validation
2084,1790793808227,3,train
2085,1790793808234,3,train
2086,1790793808236,3,train
2087,1790793808241,3,test
2088,1790793808263,3,validation
2089,1790793808268,3,validation
2090,1790793808269,3,train
2091,1790793808274,3,train
2092,1790793808275,3,train
2093,1790793808302,3,train
2094,1790793808307,3,train
2095,1790793808318,3,train
2096,1790793808327,3,train
2097,1790793808336,3,train
2098,1790793808337,3,train
2099,1790793808344,3,train
2100,1790793808347,3,test
2101,1790793808362,3,train
2102,1790793808377,3,train
2103,1790793808383,3,train
2104,1790793808389,3,train
2105,1790793808398,3,train
2106,1790793808407,3,train
2107,1790793808414,3,train
2108,1790793808421,3,train
2109,1790793808425,3,train
2110,1790793808427,3,validation
2111,1790793808433,3,validation
2112,1790793808435,3,train
2113,1790793808437,3,train
2114,1790793808444,3,train
2115,1790793808455,3,train
2116,1790793808462,3,train
2117,1790793808468,3,train
2118,1790793808474,3,train
2119,1790793808481,3,train
2120,1790793808491,3,train
2121,1790793808493,3,validation
2122,1790793808516,3,train
2123,1790793808517,3,train
2124,1790793808518,3,test
2125,1790793808528,3,train
2126,1790793808550,3,test
2127,1790793808559,3,train
2128,1790793808560,3,train
2129,1790793808575,3,train
2130,1790793808581,3,validation
2131,1790793808593,3,train
2132,1790793808595,3,train
2133,1790793808599,3,train
2134,1790793808617,3,test
2135,1790793808619,3,train
2136,1790793808622,3,train
2137,1790793808631,3,validation
2138,1790793808643,3,train
2139,1790793808646,3,train
2140,1790793808656,3,train
2141,1790793808657,3,test
2142,1790793808673,3,train
2143,1790793808674,3,train
2144,1790793808695,3,train
2145,1790793808697,3,train
2146,1790793808700,3,train
2147,1790793808702,3,train
2148,1790793808704,3,train
2149,1790793808705,3,train
2150,1790793808708,3,train
2151,1790793808710,3,train
2152,1790793808716,3,train
2153,1790793808720,3,train
2154,1790793808738,3,test
2155,1790793808749,3,test
2156,1790793808753,3,train
2157,1790793808758,3,train
2158,1790793808760,3,train
2159,1790793808767,3,test
2160,1790793808778,3,train
2161,1790793808782,3,train
2162,1790793808798,3,train
2163,1790793808802,3,train
2164,1790793808809,3,validation
2165,1790793808835,3,train
2166,1790793808837,3,train
2167,1790793808839,3,train
2168,1790793808861,3,test
2169,1790793808863,3,train
2170,1790793808864,3,train
2171,1790793808869,3,train
2172,1790793808871,3,train
2173,1790793808886,3,validation
2174,1790793808904,3,train
2175,1790793808909,3,train
2176,1790793808925,3,train
2177,1790793808939,3,train
2178,1790793808946,3,train
2179,1790793808950,3,train
2180,1790793808951,3,test
2181,1790793808957,3,validation
2182,1790793808968,3,train
2183,1790793808969,3,train
2184,1790793808976,3,test
2185,1790793808980,3,train
2186,1790793809000,3,train
2187,1790793809007,3,train
2188,1790793809014,3,test
2189,1790793809021,3,train
2190,1790793809043,3,train
2191,1790793809045,3,train
2192,1790793809048,3,train
2193,1790793809052,3,train
2194,1790793809061,3,train
2195,1790793809062,3,train
2196,1790793809081,3,train
2197,1790793809085,3,train
2198,1790793809088,3,validation
2199,1790793809100,3,train
2200,1790793809105,3,validation
2201,1790793809112,3,train
2202,1790793809115,3,train
2203,1790793809125,3,train
2204,1790793809126,3,validation
2205,1790793809127,3,train
2206,1790793809130,3,train
2207,1790793809133,3,train
2208,1790793809137,3,train
2209,1790793809139,3,validation
2210,1790793809149,3,train
2211,1790793809156,3,validation
2212,1790793809165,3,test
2213,1790793809167,3,train
2214,1790793809178,3,train
2215,1790793809186,3,validation
2216,1790793809187,3,train
2217,1790793809193,3,train
2218,1790793809194,3,test
2219,1790793809195,3,test
2220,1790793809198,3,validation
2221,1790793809208,3,train
2222,1790793809211,3,validation
2223,1790793809240,3,train
2224,1790793809242,3,train
2225,1790793809260,3,train
2226,1790793809261,3,train
2227,1790793809262,3,validation
2228,1790793809265,3,test
2229,1790793809272,3,train
2230,1790793809276,3,train
2231,1790793809301,3,validation
2232,1790793809302,3,train
2233,1790793809304,3,train
2234,1790793809307,3,train
2235,1790793809313,3,train
2236,1790793809326,3,validation
2237,1790793809330,3,validation
2238,1790793809331,3,train
2239,1790793809332,3,validation
2240,1790793809337,3,train
2241,1790793809345,3,train
2242,1790793809357,3,validation
2243,1790793809362,3,train
2244,1790793809378,3,train
2245,1790793809379,3,validation
2246,1790793809389,3,train
2247,1790793809397,3,test
2248,1790793809405,3,train
2249,1790793809409,3,train
2250,1790793809411,3,validation
2251,1790793809412,3,train
2252,1790793809414,3,train
2253,1790793809437,3,train
2254,1790793809440,3,train
2255,1790793809441,3,test
2256,1790793809442,3,test
2257,1790793809447,3,train
2258,1790793809453,3,test
2259,1790793809455,3,test
2260,1790793809461,3,train
2261,1790793809462,3,test
2262,1790793809464,3,train
2263,1790793809475,3,validation
2264,1790793809488,3,train
2265,1790793809494,3,train
2266,1790793809495,3,validation
2267,1790793809498,3,train
2268,1790793809505,3,train
2269,1790793809521,3,train
2270,1790793809524,3,test
2271,1790793809527,3,train
2272,1790793809529,3,train
2273,1790793809531,3,train
2274,1790793809534,3,train
2275,1790793809543,3,train
2276,1790793809549,3,train
2277,1790793809554,3,validation
2278,1790793809556,3,validation
2279,1790793809563,3,train
2280,1790793809577,3,train
2281,1790793809578,3,train
2282,1790793809581,3,train
2283,1790793809609,3,test
2284,1790793809618,3,test
2285,1790793809622,3,validation
2286,1790793809629,3,train
2287,1790793809645,3,test
2288,1790793809649,3,test
2289,1790793809650,3,validation
2290,1790793809653,3,train
2291,1790793809654,3,train
2292,1790793809655,3,validation
2293,1790793809658,3,validation
2294,1790793809688,3,validation
2295,1790793809695,3,train
2296,1790793809701,3,train
2297,1790793809710,3,train
2298,1790793809712,3,validation
2299,1790793809724,3,train
2300,1790793809731,3,train
2301,1790793809736,3,validation
2302,1790793809752,3,train
2303,1790793809758,3,test
2304,1790793809763,3,test
2305,1790793809782,3,train
2306,1790793809786,3,train
2307,1790793809787,3,train
2308,1790793809789,3,train
2309,1790793809798,3,train
2310,1790793809799,3,train
2311,1790793809802,3,train
2312,1790793809805,3,validation
2313,1790793809808,3,train
2314,1790793809809,3,train
2315,1790793809810,3,train
2316,1790793809815,3,train
2317,1790793809819,3,train
2318,1790793809824,3,train
2319,1790793809826,3,train
2320,1790793809833,3,train
2321,1790793809843,3,train
2322,1790793809845,3,train
2323,1790793809852,3,train
2324,1790793809854,3,train
2325,1790793809857,3,train
2326,1790793809859,3,test
2327,1790793809861,3,train
2328,1790793809876,3,train
2329,1790793809879,3,train
2330,1790793809904,3,validation
2331,1790793809906,3,validation
2332,1790793809907,3,validation
2333,1790793809908,3,validation
2334,1790793809909,3,train
2335,1790793809921,3,test
2336,1790793809941,3,train
2337,1790793809946,3,train
2338,1790793809947,3,validation
2339,1790793809966,3,train
2340,1790793809968,3,validation
2341,1790793809971,3,train
2342,1790793809975,3,train
2343,1790793809977,3,test
2344,1790793809982,3,test
2345,1790793810005,3,train
2346,1790793810006,3,train
2347,1790793810012,3,train
2348,1790793810013,3,train
2349,1790793810016,3,test
2350,1790793810021,3,train
2351,1790793810035,3,test
2352,1790793810036,3,train
2353,1790793810037,3,train
2354,1790793810045,3,test
2355,1790793810053,3,test
2356,1790793810092,3,test
2357,1790793807629,4,validation
2358,1790793807631,4,test
2359,1790793807641,4,test
2360,1790793807693,4,train
2361,1790793807727,4,train
2362,1790793807760,4,train
2363,1790793807768,4,train
2364,1790793807777,4,train
2365,1790793807786,4,validation
2366,1790793807809,4,train
2367,1790793807810,4,train
2368,1790793807816,4,train
2369,1790793807887,4,test
2370,1790793807893,4,test
2371,1790793807926,4,train
2372,1790793807940,4,train
2373,1790793807944,4,train
2374,1790793807947,4,train
2375,1790793807965,4,validation
2376,1790793807971,4,validation
2377,1790793807976,4,test
2378,1790793807996,4,validation
2379,1790793808025,4,test
2380,1790793808028,4,train
2381,1790793808036,4,train
2382,1790793808042,4,train
2383,1790793808047,4,train
2384,1790793808057,4,train
2385,1790793808078,4,test
2386,1790793808155,4,train
2387,1790793808237,4,train
2388,1790793808247,4,train
2389,1790793808276,4,validation
2390,1790793808284,4,train
2391,1790793808292,4,train
2392,1790793808308,4,train
2393,1790793808321,4,train
2394,1790793808342,4,validation
2395,1790793808352,4,test
2396,1790793808357,4,train
2397,1790793808363,4,train
2398,1790793808366,4,train
2399,1790793808369,4,train
2400,1790793808375,4,train
2401,1790793808385,4,train
2402,1790793808410,4,train
2403,1790793808426,4,train
2404,1790793808465,4,train
2405,1790793808492,4,validation
2406,1790793808508,4,train
2407,1790793808512,4,train
2408,1790793808525,4,train
2409,1790793808529,4,train
2410,1790793808532,4,train
2411,1790793808555,4,train
2412,1790793808624,4,train
2413,1790793808636,4,train
2414,1790793808655,4,train
2415,1790793808658,4,train
2416,1790793808679,4,train
2417,1790793808693,4,train
2418,1790793808706,4,train
2419,1790793808711,4,train
2420,1790793808734,4,train
2421,1790793808741,4,train
2422,1790793808750,4,train
2423,1790793808761,4,train
2424,1790793808763,4,train
2425,1790793808766,4,train
2426,1790793808784,4,validation
2427,1790793808799,4,test
2428,1790793808819,4,train
2429,1790793808854,4,validation
2430,1790793808856,4,train
2431,1790793808862,4,test
2432,1790793808882,4,validation
2433,1790793808900,4,train
2434,1790793808903,4,test
2435,1790793808913,4,train
2436,1790793808940,4,train
2437,1790793808958,4,train
2438,1790793808997,4,validation
2439,1790793809001,4,test
2440,1790793809020,4,test
2441,1790793809090,4,train
2442,1790793809173,4,train
2443,1790793809184,4,train
2444,1790793809210,4,train
2445,1790793809309,4,train
2446,1790793809318,4,validation
2447,1790793809352,4,validation
2448,1790793809371,4,train
2449,1790793809419,4,train
2450,1790793809451,4,train
2451,1790793809473,4,train
2452,1790793809487,4,train
2453,1790793809520,4,train
2454,1790793809539,4,train
2455,1790793809548,4,train
2456,1790793809589,4,test
2457,1790793809666,4,train
2458,1790793809718,4,train
2459,1790793809729,4,train
2460,1790793809768,4,train
2461,1790793809772,4,train
2462,1790793809785,4,test
2463,1790793809792,4,test
2464,1790793809817,4,train
2465,1790793809853,4,train
2466,1790793809870,4,validation
2467,1790793809902,4,train
2468,1790793809915,4,test
2469,1790793809922,4,validation
2470,1790793809965,4,train
2471,1790793809979,4,validation
2472,1790793809989,4,train
2473,1790793810049,4,validation
2474,1790793810059,4,test
2475,1790793807638,5,train
2476,1790793807721,5,validation
2477,1790793807839,5,test
2478,1790793807908,5,train
2479,1790793808105,5,train
2480,1790793808116,5,train
2481,1790793808128,5,train
2482,1790793808419,5,validation
2483,1790793808729,5,train
2484,1790793808808,5,test
2485,1790793808860,5,train
2486,1790793808926,5,test
2487,1790793809032,5,train
2488,1790793809119,5,train
2489,1790793809219,5,train
2490,1790793809418,5,train
2491,1790793809807,5,train
2492,1790793809832,5,train
2493,1790793809897,5,validation
2494,1790793809936,5,train
2495,1790793809964,5,train
2496,1790793809991,5,train
2497,1790793809996,5,train
2498,1790793808064,6,train
2499,1790793809599,6,train
