seconds,df,nfe,cycle,distance_blocks,do_candidates,do_effective
605.7339999999385,2,120701,7,481,700,31
1265.5,2,241401,14,475,1400,47
1830.6720000000205,2,382001,20,480,2000,67
2493.655999999959,2,502701,27,485,2700,89
3068.7189999999246,2,823301,33,484,3300,115
3640.5779999999795,2,933901,39,489,3900,124
4215.405999999959,2,1044501,45,484,4500,138
4878.468999999925,2,1205201,52,482,5200,154
5446.9379999999655,2,1305801,58,495,5800,169
6043.25,2,1926301,63,487,6300,182
6649.655999999959,2,2067201,72,484,7200,206
7239.4220000000205,2,2247801,78,481,7800,223
7891.625,2,2368501,85,492,8500,242
8456.29700000002,2,2449101,91,490,9100,254
9059.640999999945,2,2769701,97,481,9700,272
9603.483999999939,2,2870301,103,491,10300,289
10289.312999999966,2,3061001,110,487,11000,303
10849.562999999966,2,3171601,116,481,11600,319
11411.780999999959,2,3252201,122,485,12200,329
12196.67200000002,2,4492701,127,479,12700,339
12634.780999999959,2,4824301,143,484,14300,379
13206.655999999959,2,4934901,149,481,14900,398
13874.530999999959,2,5055601,156,479,15600,412
14400.483999999939,2,5336101,161,490,16100,429
