nfe,phase,cycle,step,before_df,candidate_df,after_df,accepted,changed_classes,elapsed_ns
1,initial,0,0,286,286,286,true,0,59056300
37,hc,1,36,286,283,283,true,1,190939800
47,hc,1,46,283,281,281,true,1,215350300
52,hc,1,51,281,279,279,true,1,222752500
55,hc,1,54,279,278,278,true,1,227120400
61,hc,1,60,278,275,275,true,1,241315000
65,hc,1,64,275,274,274,true,1,246445600
77,hc,1,76,274,273,273,true,1,262679400
83,hc,1,82,273,271,271,true,1,270327600
92,hc,1,91,271,269,269,true,1,282534300
118,hc,1,117,269,266,266,true,1,312433300
122,hc,1,121,266,265,265,true,1,316545100
123,hc,1,122,265,264,264,true,1,317506700
125,hc,1,124,264,263,263,true,1,319391700
130,hc,1,129,263,262,262,true,1,324120700
136,hc,1,135,262,260,260,true,1,329995100
140,hc,1,139,260,259,259,true,1,333913100
165,hc,1,164,259,257,257,true,1,359523200
189,hc,1,188,257,256,256,true,1,388079800
191,hc,1,190,256,255,255,true,1,390673800
199,hc,1,198,255,254,254,true,1,404880300
200,hc,1,199,254,251,251,true,1,406097000
201,hc,1,200,251,250,250,true,1,407194400
205,hc,1,204,250,249,249,true,1,411411700
214,hc,1,213,249,248,248,true,1,422693000
215,hc,1,214,248,247,247,true,1,424004300
226,hc,1,225,247,246,246,true,1,436415800
230,hc,1,229,246,245,245,true,1,440627900
239,hc,1,238,245,244,244,true,1,450766900
241,hc,1,240,244,242,242,true,1,452986900
252,hc,1,251,242,240,240,true,1,465456300
258,hc,1,257,240,239,239,true,1,472569000
280,hc,1,279,239,238,238,true,1,497361800
281,hc,1,280,238,236,236,true,1,499005900
282,hc,1,281,236,234,234,true,1,500164400
288,hc,1,287,234,233,233,true,1,506943800
289,hc,1,288,233,231,231,true,1,508109500
291,hc,1,290,231,230,230,true,1,510381400
295,hc,1,294,230,229,229,true,1,516427800
314,hc,1,313,229,228,228,true,1,542288000
340,hc,1,339,228,227,227,true,1,587984700
354,hc,1,353,227,224,224,true,1,609942600
355,hc,1,354,224,223,223,true,1,611491800
357,hc,1,356,223,222,222,true,1,614479300
364,hc,1,363,222,221,221,true,1,624215700
386,hc,1,385,221,220,220,true,1,656247600
388,hc,1,387,220,217,217,true,1,659313100
395,hc,1,394,217,215,215,true,1,669667600
415,hc,1,414,215,214,214,true,1,697561100
426,hc,1,425,214,213,213,true,1,713745100
430,hc,1,429,213,212,212,true,1,719668700
438,hc,1,437,212,211,211,true,1,731493600
450,hc,1,449,211,207,207,true,1,749018200
467,hc,1,466,207,206,206,true,1,774410300
468,hc,1,467,206,204,204,true,1,775462000
474,hc,1,473,204,203,203,true,1,781473300
476,hc,1,475,203,202,202,true,1,783649000
477,hc,1,476,202,201,201,true,1,784731800
493,hc,1,492,201,200,200,true,1,797660200
512,hc,1,511,200,199,199,true,1,810606100
530,hc,1,529,199,197,197,true,1,820785200
559,hc,1,558,197,196,196,true,1,845359000
561,hc,1,560,196,194,194,true,1,847324000
615,hc,1,614,194,193,193,true,1,890852500
625,hc,1,624,193,191,191,true,1,898302400
649,hc,1,648,191,190,190,true,1,916338400
662,hc,1,661,190,189,189,true,1,926188100
666,hc,1,665,189,188,188,true,1,929156800
690,hc,1,689,188,187,187,true,1,947165800
695,hc,1,694,187,186,186,true,1,951057700
714,hc,1,713,186,185,185,true,1,965407600
730,hc,1,729,185,184,184,true,1,977234100
746,hc,1,745,184,183,183,true,1,990454400
748,hc,1,747,183,182,182,true,1,992044500
774,hc,1,773,182,181,181,true,1,1005220700
781,hc,1,780,181,180,180,true,1,1008505200
784,hc,1,783,180,179,179,true,1,1010670200
809,hc,1,808,179,178,178,true,1,1021524400
823,hc,1,822,178,177,177,true,1,1027848100
828,hc,1,827,177,176,176,true,1,1029512100
856,hc,1,855,176,175,175,true,1,1039092800
872,hc,1,871,175,174,174,true,1,1047439600
905,hc,1,904,174,173,173,true,1,1068541800
907,hc,1,906,173,172,172,true,1,1070685400
947,hc,1,946,172,171,171,true,1,1092046100
951,hc,1,950,171,169,169,true,1,1094109500
965,hc,1,964,169,168,168,true,1,1101537000
970,hc,1,969,168,167,167,true,1,1104342300
991,hc,1,990,167,166,166,true,1,1117933500
999,hc,1,998,166,165,165,true,1,1122402200
1023,hc,1,1022,165,164,164,true,1,1133373900
1050,hc,1,1049,164,163,163,true,1,1148988200
1056,hc,1,1055,163,162,162,true,1,1151579400
1072,hc,1,1071,162,161,161,true,1,1160503700
1081,hc,1,1080,161,160,160,true,1,1165492600
1097,hc,1,1096,160,159,159,true,1,1174369100
1100,hc,1,1099,159,158,158,true,1,1176020600
1128,hc,1,1127,158,157,157,true,1,1190096500
1133,hc,1,1132,157,155,155,true,1,1192551300
1139,hc,1,1138,155,153,153,true,1,1195569800
1161,hc,1,1160,153,152,152,true,1,1207166600
1178,hc,1,1177,152,151,151,true,1,1215852400
1212,hc,1,1211,151,150,150,true,1,1238034500
1270,hc,1,1269,150,149,149,true,1,1265584300
1279,hc,1,1278,149,147,147,true,1,1269748100
1300,hc,1,1299,147,146,146,true,1,1280349400
1322,hc,1,1321,146,145,145,true,1,1291629500
1336,hc,1,1335,145,144,144,true,1,1298904100
1350,hc,1,1349,144,143,143,true,1,1310150200
1351,hc,1,1350,143,142,142,true,1,1310698800
1354,hc,1,1353,142,141,141,true,1,1312312500
1368,hc,1,1367,141,140,140,true,1,1319682000
1369,hc,1,1368,140,138,138,true,1,1320222600
1384,hc,1,1383,138,137,137,true,1,1326940500
1406,hc,1,1405,137,136,136,true,1,1338478500
1448,hc,1,1447,136,135,135,true,1,1359398800
1453,hc,1,1452,135,134,134,true,1,1361811200
1454,hc,1,1453,134,133,133,true,1,1362332400
1484,hc,1,1483,133,132,132,true,1,1377374300
1488,hc,1,1487,132,131,131,true,1,1379567900
1534,hc,1,1533,131,130,130,true,1,1406170300
1701,hc,1,1700,130,129,129,true,1,1489216600
1786,hc,1,1785,129,128,128,true,1,1530229900
1796,hc,1,1795,128,127,127,true,1,1535754600
1798,hc,1,1797,127,125,125,true,1,1536892900
1820,hc,1,1819,125,124,124,true,1,1552415100
1847,hc,1,1846,124,122,122,true,1,1564911700
1874,hc,1,1873,122,121,121,true,1,1577434900
1883,hc,1,1882,121,120,120,true,1,1581647400
2011,hc,1,2010,120,119,119,true,1,1651127300
2060,hc,1,2059,119,118,118,true,1,1677586800
2134,hc,1,2133,118,117,117,true,1,1721910900
2136,hc,1,2135,117,116,116,true,1,1723057800
2158,hc,1,2157,116,115,115,true,1,1733525300
2187,hc,1,2186,115,114,114,true,1,1747280300
2195,hc,1,2194,114,113,113,true,1,1751551800
2234,hc,1,2233,113,112,112,true,1,1773588100
2318,hc,1,2317,112,111,111,true,1,1821384800
2334,hc,1,2333,111,110,110,true,1,1830348800
2377,hc,1,2376,110,109,109,true,1,1853231500
2507,hc,1,2506,109,108,108,true,1,1913783900
2571,hc,1,2570,108,107,107,true,1,1947427300
2577,hc,1,2576,107,106,106,true,1,1950721500
2632,hc,1,2631,106,105,105,true,1,1978693500
2633,hc,1,2632,105,104,104,true,1,1979184400
2649,hc,1,2648,104,103,103,true,1,1986840800
2661,hc,1,2660,103,100,100,true,1,1990614500
2668,hc,1,2667,100,99,99,true,1,1992702400
2844,hc,1,2843,99,98,98,true,1,2083740900
2850,hc,1,2849,98,97,97,true,1,2087396900
2979,hc,1,2978,97,96,96,true,1,2152993800
3008,hc,1,3007,96,95,95,true,1,2163441700
3025,hc,1,3024,95,94,94,true,1,2170742900
3028,hc,1,3027,94,93,93,true,1,2172454700
3052,hc,1,3051,93,92,92,true,1,2185465400
3097,hc,1,3096,92,91,91,true,1,2199327700
3138,hc,1,3137,91,90,90,true,1,2212211700
3167,hc,1,3166,90,89,89,true,1,2221623800
3277,hc,1,3276,89,88,88,true,1,2266553600
3312,hc,1,3311,88,86,86,true,1,2285591800
3328,hc,1,3327,86,85,85,true,1,2293691100
3377,hc,1,3376,85,84,84,true,1,2315295500
3508,hc,1,3507,84,83,83,true,1,2384703500
3596,hc,1,3595,83,82,82,true,1,2430991600
3614,hc,1,3613,82,81,81,true,1,2441220200
3685,hc,1,3684,81,80,80,true,1,2477275100
3708,hc,1,3707,80,79,79,true,1,2489963700
3811,hc,1,3810,79,78,78,true,1,2542168700
3846,hc,1,3845,78,77,77,true,1,2558022500
3953,hc,1,3952,77,76,76,true,1,2615488500
4155,hc,1,4154,76,75,75,true,1,2734085600
4178,hc,1,4177,75,74,74,true,1,2746769800
4430,hc,1,4429,74,73,73,true,1,2882819700
4542,hc,1,4541,73,72,72,true,1,2943350000
4665,hc,1,4664,72,71,71,true,1,3007849500
4801,hc,1,4800,71,70,70,true,1,3075679800
4861,hc,1,4860,70,68,68,true,1,3108898800
4870,hc,1,4869,68,67,67,true,1,3114218800
4887,hc,1,4886,67,66,66,true,1,3123786200
4919,hc,1,4918,66,65,65,true,1,3142546300
5164,hc,1,5163,65,64,64,true,1,3268550600
5386,hc,1,5385,64,63,63,true,1,3382861900
5388,hc,1,5387,63,62,62,true,1,3383932300
5468,hc,1,5467,62,61,61,true,1,3426271700
5482,hc,1,5481,61,60,60,true,1,3434046900
5504,hc,1,5503,60,59,59,true,1,3446765000
5675,hc,1,5674,59,58,58,true,1,3530790000
6114,hc,1,6113,58,57,57,true,1,3746200800
6203,hc,1,6202,57,56,56,true,1,3795679200
6267,hc,1,6266,56,55,55,true,1,3829692200
6297,hc,1,6296,55,54,54,true,1,3846679300
6416,hc,1,6415,54,53,53,true,1,3905493700
6436,hc,1,6435,53,52,52,true,1,3915893500
6503,hc,1,6502,52,51,51,true,1,3950567400
6563,hc,1,6562,51,50,50,true,1,3981919400
6985,hc,1,6984,50,49,49,true,1,4197782300
7719,hc,1,7718,49,48,48,true,1,4565532800
8037,hc,1,8036,48,47,47,true,1,4733052100
8597,hc,1,8596,47,46,46,true,1,5014866700
9035,hc,1,9034,46,45,45,true,1,5255283200
9166,hc,1,9165,45,44,44,true,1,5318289400
9245,hc,1,9244,44,43,43,true,1,5355786400
9366,hc,1,9365,43,42,42,true,1,5419326100
9410,hc,1,9409,42,41,41,true,1,5443461600
9706,hc,1,9705,41,40,40,true,1,5579236000
9772,hc,1,9771,40,39,39,true,1,5614790300
10204,hc,1,10203,39,38,38,true,1,5835793800
10235,hc,1,10234,38,37,37,true,1,5851469100
10591,hc,1,10590,37,36,36,true,1,6031362000
10749,hc,1,10748,36,35,35,true,1,6118947400
11016,hc,1,11015,35,34,34,true,1,6250958000
11119,hc,1,11118,34,33,33,true,1,6303057100
11647,hc,1,11646,33,32,32,true,1,6580056700
12791,hc,1,12790,32,30,30,true,1,7141218800
14050,hc,1,14049,30,29,29,true,1,7714563800
14472,hc,1,14471,29,27,27,true,1,7900224800
14542,hc,1,14541,27,26,26,true,1,7934816300
14675,hc,1,14674,26,25,25,true,1,7998577300
14750,hc,1,14749,25,24,24,true,1,8039000600
15903,hc,1,15902,24,23,23,true,1,8610262300
16252,hc,1,16251,23,22,22,true,1,8799914900
16566,hc,1,16565,22,21,21,true,1,8953877100
18716,hc,1,18715,21,20,20,true,1,9996400000
18947,hc,1,18946,20,19,19,true,1,10105429600
19115,hc,1,19114,19,18,18,true,1,10192598300
19139,hc,1,19138,18,17,17,true,1,10206031300
19301,hc,1,19300,17,16,16,true,1,10290091200
20022,hc,1,20021,16,15,15,true,1,10633201700
20075,hc,1,20074,15,14,14,true,1,10660822700
21001,hc,1,21000,14,13,13,true,1,11127521300
21244,hc,1,21243,13,12,12,true,1,11247926000
22348,hc,1,22347,12,11,11,true,1,11793318200
23738,hc,1,23737,11,10,10,true,1,12454492000
26895,hc,1,26894,10,9,9,true,1,13858444900
33537,hc,1,33536,9,8,8,true,1,16837341300
41205,hc,1,41204,8,7,7,true,1,20198019200
79488,hc,2,17202,7,6,6,true,1,38287382700
170463,hc,3,43659,6,5,5,true,1,80118522800
214090,hc,4,22203,5,4,4,true,1,100299402900
